,SEX,AGES,CGPA-1,CGPA-2,CLUB/DEPARTMENT,DAYS SINCE LAST SHOWER,TREATS GIVEN,HAS A S/O?,ATTENDS LECTURES,CHARACTER,PIZZERIA EXPENDITURE (annual),GRAMS / MONTH,BIRTHDAY_MONTH,BIRTHDAY_DATE,DAY_OF_WEEK,ADMISSION_MODE_BITSAT,ADMISSION_MODE_BOARD TOPPER,ADMISSION_MODE_DASA,BOARD_STUDIED_CBSE,BOARD_STUDIED_ICSE,BOARD_STUDIED_Other,GPL
0,1,19,8.85,7.0,0,12,4,1,0,1,20495,5.0,4,22,4,1,0,0,1,0,0,0
1,0,21,7.01,9.0,0,1,1,1,0,0,2361,0.2,8,8,4,0,0,1,0,1,0,1
2,0,20,3.0,8.0,0,5,4,1,0,0,8548,0.3,5,5,2,1,0,0,1,0,0,1
3,0,21,6.324710920770878,6.527310924369748,0,7,4,1,0,0,4086,0.2,10,6,0,0,0,1,1,0,0,1
4,1,21,5.65,9.0,0,7,3,1,0,1,13767,8.5,3,15,5,1,0,0,1,0,0,0
5,1,17,3.51,10.0,0,0,2,0,0,1,13494,0.6,4,16,0,1,0,0,0,0,1,0
6,1,23,5.52,9.0,0,2,0,0,0,1,17676,4.5,12,2,6,0,0,1,1,0,0,0
7,1,17,4.06,5.0,3,3,0,1,1,1,16452,10.8,9,8,5,1,0,0,1,0,0,0
8,0,20,6.91,4.0,0,1,0,0,1,1,1848,0.4,12,9,3,1,0,0,1,0,0,1
9,0,19,5.37,9.0,0,6,3,0,0,0,4106,0.45,6,26,6,0,1,0,0,1,0,1
10,0,17,4.08,6.0,0,7,3,1,1,0,6931,0.4,1,17,2,1,0,0,1,0,0,1
11,0,24,5.71,6.527310924369748,0,6,3,1,0,0,6266,0.5,1,22,5,0,0,1,1,0,0,1
12,1,19,3.78,7.0,0,2,4,0,0,1,21981,6.9,12,8,3,1,0,0,1,0,0,0
13,1,21,6.413634840871021,7.0,0,1,0,0,1,1,18402,10.9,9,23,1,1,0,0,1,0,0,0
14,0,19,3.0,10.0,0,4,0,0,0,1,15660,2.8,4,2,5,1,0,0,1,0,0,0
15,0,23,7.53,6.0,0,5,0,0,0,0,3890,0.15,10,24,2,0,1,0,1,0,0,1
16,1,17,3.65,8.0,1,5,3,0,1,1,15923,5.5,9,10,0,1,0,0,0,0,1,0
17,1,17,8.43,9.0,0,3,2,1,0,0,2681,0.4,3,6,1,0,1,0,1,0,0,1
18,0,20,7.15,9.0,0,3,4,1,0,1,14604,2.5,6,21,0,1,0,0,1,0,0,0
19,0,17,3.73,9.0,0,5,1,1,0,0,5031,0.15,2,17,5,1,0,0,0,1,0,1
20,1,21,7.87,9.0,2,0,3,1,0,1,16159,6.9,6,11,2,0,1,0,1,0,0,0
21,1,21,4.57,8.0,0,2,3,0,0,0,7321,0.45,8,9,5,0,1,0,1,0,0,1
22,0,19,9.49,10.0,0,11,4,1,0,1,5492,0.25,1,23,6,1,0,0,0,0,1,1
23,1,20,4.99,8.0,0,6,4,1,0,0,7002,0.3,2,6,4,0,0,1,1,0,0,1
24,0,18,6.65,8.0,3,6,3,0,1,1,14093,1.0,11,22,2,1,0,0,1,0,0,0
25,0,21,4.85,9.0,0,3,2,0,1,0,4057,0.5,3,15,5,1,0,0,1,0,0,1
26,1,17,6.34,10.0,0,6,4,1,0,1,14828,4.9,9,28,4,1,0,0,0,1,0,0
27,1,19,5.35,9.0,3,0,0,0,1,1,18042,8.8,6,5,6,0,0,1,1,0,0,0
28,0,17,8.61,3.0,0,8,0,1,0,0,4734,0.2,6,9,5,1,0,0,0,0,1,1
29,1,17,8.14,3.0,0,2,3,0,0,1,17735,4.5,8,1,2,1,0,0,1,0,0,0
30,1,22,6.413634840871022,10.0,0,0,2,0,0,1,11941,10.7,7,21,6,0,0,1,0,1,0,0
31,0,17,8.08,4.0,0,1,0,1,0,0,4339,0.2,8,5,6,0,0,1,0,1,0,1
32,0,17,4.72,9.0,0,11,4,1,0,1,7393,0.5,6,27,2,1,0,0,0,0,1,1
33,1,24,5.79,6.0,0,14,4,0,0,1,15827,6.8,12,3,6,0,1,0,1,0,0,0
34,1,20,9.65,4.0,0,10,1,1,0,0,13372,2.5,3,26,4,0,0,1,0,1,0,0
35,1,22,6.12,6.0,0,4,1,1,0,1,20196,1.8,7,22,0,0,0,1,1,0,0,0
36,1,17,3.05,5.0,0,0,1,0,0,0,1036,0.35,1,9,1,1,0,0,0,1,0,1
37,1,19,7.97,4.0,0,1,3,1,0,1,15668,9.4,8,26,4,1,0,0,1,0,0,0
38,0,19,6.13,6.0,4,10,2,0,0,1,14205,1.4,9,23,4,1,0,0,1,0,0,0
39,0,19,6.01,6.0,0,0,1,0,0,1,5980,0.35,8,25,3,1,0,0,0,1,0,1
40,0,22,9.1,7.0,0,14,4,1,0,1,19831,4.0,6,25,1,1,0,0,1,0,0,0
41,0,20,6.29,6.0,0,3,1,0,0,1,16568,7.5,2,11,2,0,1,0,1,0,0,0
42,1,17,8.42,9.0,0,6,3,0,0,1,11740,5.4,10,8,0,1,0,0,0,1,0,0
43,0,17,6.77,8.0,0,2,3,0,1,0,7971,0.4,11,22,3,0,1,0,0,1,0,1
44,0,19,5.35,3.0,0,3,3,0,0,0,4243,0.45,6,1,2,1,0,0,0,0,1,1
45,1,17,5.73,6.0,0,0,3,1,0,0,11625,7.7,5,11,4,1,0,0,1,0,0,0
46,1,17,5.68,3.0,0,0,4,0,0,1,21835,9.8,5,3,3,1,0,0,0,0,1,0
47,0,17,4.27,6.0,0,13,0,1,0,0,2061,0.4,6,18,0,1,0,0,0,0,1,1
48,1,17,6.413634840871022,6.64763458401305,4,11,3,0,0,1,15076,1.5,3,22,3,1,0,0,0,1,0,0
49,0,19,6.59,3.0,0,9,1,0,0,1,19923,9.5,7,17,6,1,0,0,1,0,0,0
50,1,18,7.34,10.0,1,14,3,1,1,1,13440,2.7,7,19,2,1,0,0,1,0,0,0
51,1,19,7.59,6.0,0,7,4,0,0,1,12027,1.4,3,27,6,1,0,0,1,0,0,0
52,0,23,5.78,3.0,0,7,1,0,0,0,3997,0.25,9,20,3,0,0,1,0,1,0,1
53,0,20,6.19,8.0,0,0,3,1,0,0,6276,0.4,4,20,1,0,1,0,1,0,0,1
54,1,24,6.75,6.0,0,15,4,0,1,1,16190,8.5,10,24,1,0,0,1,0,1,0,0
55,1,17,7.33,7.0,0,4,2,0,0,0,4395,0.5,4,9,0,0,0,1,1,0,0,1
56,0,19,3.0,5.0,0,14,4,0,0,0,7874,0.2,5,1,6,0,1,0,1,0,0,1
57,1,20,3.81,4.0,0,3,3,1,0,1,18532,10.5,3,9,1,1,0,0,0,1,0,0
58,0,18,7.27,10.0,0,2,4,1,1,0,4906,0.5,5,17,2,0,1,0,1,0,0,1
59,1,19,6.32,9.0,0,1,1,1,0,1,12783,7.3,4,8,4,1,0,0,0,1,0,0
60,1,22,5.72,6.0,0,1,4,0,0,1,14057,7.6,5,11,5,0,0,1,1,0,0,0
61,1,17,6.64,8.0,3,11,4,1,1,1,14007,6.3,12,13,3,1,0,0,1,0,0,0
62,1,17,4.56,5.0,0,3,4,1,0,1,12261,6.3,12,9,6,0,0,1,0,1,0,0
63,1,17,7.9,10.0,0,0,2,0,1,0,4018,0.25,10,9,1,1,0,0,0,1,0,1
64,0,20,3.26,6.0,0,1,4,0,0,0,6190,0.3,4,4,6,0,1,0,1,0,0,1
65,1,19,9.68,6.0,0,14,3,1,0,1,19108,6.4,4,28,3,1,0,0,1,0,0,0
66,0,19,7.99,10.0,1,0,1,0,1,0,3199,0.3,3,21,0,1,0,0,1,0,0,1
67,1,20,8.5,3.0,4,14,4,0,0,1,17951,10.3,2,26,3,1,0,0,1,0,0,0
68,1,21,5.52,10.0,0,6,0,0,0,1,14706,8.4,3,20,3,0,1,0,1,0,0,0
69,1,19,3.57,8.0,0,4,2,0,0,1,19867,8.9,5,14,5,0,1,0,1,0,0,0
70,1,20,4.01,10.0,0,5,1,0,0,1,19145,6.6,12,20,0,1,0,0,0,1,0,0
71,1,21,7.71,4.0,0,9,3,0,0,0,4595,0.3,2,21,4,1,0,0,1,0,0,1
72,1,20,6.51,9.0,0,7,4,0,0,1,17588,4.5,9,20,0,1,0,0,1,0,0,0
73,1,17,7.5,6.0,0,15,2,1,0,1,12689,6.0,9,10,0,1,0,0,1,0,0,0
74,1,17,8.44,8.0,0,8,1,1,0,1,19357,6.6,3,1,3,1,0,0,1,0,0,0
75,1,17,6.2,6.0,0,0,1,0,1,0,1085,0.5,7,26,3,0,1,0,1,0,0,1
76,0,20,3.21,8.0,0,3,4,1,0,1,6284,0.45,1,8,3,1,0,0,1,0,0,1
77,1,19,5.24,9.0,0,3,3,0,0,1,16029,5.8,3,12,5,1,0,0,1,0,0,0
78,1,20,6.5,3.0,0,4,0,0,0,0,3499,0.25,7,27,1,1,0,0,1,0,0,1
79,0,17,5.08,6.0,0,2,3,0,0,1,5104,0.2,5,6,6,1,0,0,0,0,1,1
80,1,20,6.79,6.0,0,7,3,0,0,1,13606,0.9,8,14,5,0,0,1,1,0,0,0
81,0,19,6.18,10.0,0,4,1,0,0,0,5668,0.4,2,13,6,0,1,0,1,0,0,1
82,0,21,4.23,3.0,3,4,4,1,0,0,7754,0.5,12,21,6,1,0,0,1,0,0,1
83,1,19,5.09,5.0,0,0,3,0,1,1,20982,4.7,10,8,5,1,0,0,1,0,0,0
84,1,17,5.4,4.0,0,5,0,0,0,1,14088,1.4,6,26,1,1,0,0,1,0,0,0
85,0,20,3.87,7.0,3,5,1,1,1,0,3704,0.45,2,10,1,0,0,1,1,0,0,1
86,1,20,5.14,9.0,0,6,4,0,0,1,16535,1.4,11,12,4,1,0,0,1,0,0,0
87,1,20,6.55,3.0,0,13,0,1,0,1,17205,1.6,8,6,4,1,0,0,1,0,0,0
88,1,19,6.96,6.0,0,5,2,0,0,1,19721,10.0,5,18,2,1,0,0,1,0,0,0
89,1,22,6.77,7.0,0,9,1,1,0,1,14127,6.0,5,18,5,0,0,1,1,0,0,0
90,1,20,8.72,10.0,0,6,1,1,1,1,11513,1.4,12,22,2,1,0,0,1,0,0,0
91,1,24,7.41,8.0,0,2,1,0,0,1,17618,1.4,9,5,1,1,0,0,1,0,0,0
92,1,17,3.74,7.0,0,15,0,0,0,1,15503,2.3,3,21,2,1,0,0,1,0,0,0
93,1,25,6.9,7.0,0,2,1,0,0,1,17329,2.4,9,21,1,0,0,1,0,1,0,0
94,1,20,5.29,3.0,0,3,2,0,1,0,6536,0.5,11,22,0,0,0,1,0,1,0,1
95,0,21,4.81,10.0,0,0,4,1,1,0,4362,0.4,7,9,2,0,1,0,1,0,0,1
96,1,21,5.14,8.0,0,7,4,0,0,1,13071,8.4,5,6,1,0,1,0,1,0,0,0
97,0,20,8.32,6.0,0,0,2,0,0,1,17599,1.8,5,26,2,1,0,0,1,0,0,0
98,1,17,6.18,10.0,2,2,0,0,0,1,11033,10.5,1,17,2,1,0,0,1,0,0,0
99,1,19,7.37,3.0,0,4,1,1,1,1,17950,9.7,6,15,2,0,0,1,1,0,0,0
100,1,21,3.0,5.0,0,3,2,0,0,1,11583,0.6,8,23,5,1,0,0,1,0,0,0
101,1,21,6.1,6.0,4,14,2,1,0,1,18126,10.9,5,9,4,1,0,0,1,0,0,0
102,1,20,8.9,10.0,0,2,2,0,0,1,14249,3.3,3,25,3,1,0,0,1,0,0,0
103,0,19,6.76,3.0,0,2,1,1,0,0,5281,0.45,7,17,6,1,0,0,1,0,0,1
104,1,17,6.91,8.0,0,5,3,1,0,1,3401,0.45,3,19,0,1,0,0,1,0,0,1
105,1,21,8.59,3.0,0,4,3,0,0,0,17678,0.7,11,7,4,1,0,0,1,0,0,0
106,0,17,3.0,10.0,0,3,1,0,0,1,5738,0.4,9,3,0,1,0,0,0,0,1,1
107,1,22,5.21,9.0,0,5,4,0,0,1,13413,6.5,1,5,5,0,0,1,1,0,0,0
108,0,19,5.23,6.0,0,9,2,1,0,1,16076,8.9,7,7,3,1,0,0,0,1,0,0
109,1,19,6.62,9.0,0,7,2,1,0,1,12744,10.0,1,13,3,1,0,0,1,0,0,0
110,0,19,7.95,7.0,0,2,3,0,0,1,18089,1.0,7,14,3,1,0,0,1,0,0,0
111,0,19,5.66,4.0,0,2,0,0,0,1,18314,5.7,6,14,1,1,0,0,0,1,0,0
112,1,19,8.64,4.0,0,1,0,1,0,1,10963,10.0,9,19,0,1,0,0,1,0,0,0
113,1,25,7.94,3.0,0,4,2,0,0,1,11454,10.9,12,20,0,1,0,0,0,0,1,0
114,1,20,6.18,9.0,0,3,1,0,0,1,13569,9.6,3,18,3,0,1,0,1,0,0,0
115,1,20,9.57,7.0,0,3,4,0,1,0,12179,5.9,4,28,2,0,0,1,0,1,0,0
116,0,17,4.75,10.0,1,5,0,1,1,1,18491,1.7,12,12,2,1,0,0,1,0,0,0
117,1,19,4.69,8.0,4,12,0,1,0,1,10468,8.3,4,3,6,0,1,0,1,0,0,0
118,1,17,5.44,8.0,0,7,2,1,0,1,20825,5.4,3,12,0,1,0,0,1,0,0,0
119,1,21,6.71,5.0,0,13,1,0,0,1,15490,8.8,4,13,6,0,1,0,0,1,0,0
120,0,21,5.16,10.0,0,11,2,0,0,0,2337,0.15,10,11,5,0,1,0,1,0,0,1
121,1,23,4.03,7.0,0,7,4,0,1,1,19227,4.0,2,9,4,0,0,1,1,0,0,0
122,1,18,4.28,10.0,0,0,0,1,0,0,1879,0.5,6,12,0,1,0,0,0,1,0,1
123,1,17,3.0,10.0,0,0,3,1,0,1,16572,2.7,3,20,1,1,0,0,0,0,1,0
124,1,20,7.33,4.0,0,6,3,0,0,0,7128,0.35,7,2,4,1,0,0,1,0,0,1
125,0,17,9.47,7.0,0,3,4,0,1,1,6593,0.25,9,28,4,1,0,0,0,1,0,1
126,1,22,5.28,6.0,0,5,4,0,0,1,18708,6.5,9,26,3,1,0,0,1,0,0,0
127,1,21,6.91,3.0,0,1,3,1,0,1,16683,1.9,7,22,1,1,0,0,0,1,0,0
128,1,19,6.83,3.0,0,5,0,0,0,0,17434,10.0,6,27,0,1,0,0,1,0,0,0
129,0,22,4.51,3.0,0,0,2,0,0,0,13444,8.8,7,16,1,1,0,0,1,0,0,0
130,0,20,5.44,6.0,0,5,0,0,0,0,3173,0.3,7,15,3,0,1,0,1,0,0,1
131,1,20,7.89,6.0,0,3,4,0,0,0,17512,10.4,2,7,5,0,1,0,1,0,0,0
132,1,20,6.45,5.0,0,7,1,1,0,1,13329,8.0,12,13,0,0,1,0,0,1,0,0
133,0,19,5.03,6.0,0,0,2,0,1,0,6023,0.25,8,1,0,0,0,1,1,0,0,1
134,1,21,7.21,7.0,0,3,3,0,0,1,12496,2.0,4,24,3,0,0,1,1,0,0,0
135,1,19,7.02,4.0,0,7,3,0,0,1,21328,8.5,12,3,5,1,0,0,1,0,0,0
136,1,20,6.24,9.0,0,2,4,0,0,1,19800,6.3,7,8,3,0,0,1,0,1,0,0
137,0,17,3.26,5.0,0,8,2,1,1,1,14677,10.0,7,8,6,1,0,0,0,1,0,0
138,0,19,6.17,3.0,0,8,1,0,0,0,4685,0.5,10,7,4,1,0,0,1,0,0,1
139,0,20,6.16,8.0,0,14,4,0,0,0,8603,0.5,1,7,2,1,0,0,1,0,0,1
140,1,19,6.35,7.0,0,2,3,0,0,1,12343,6.8,11,20,6,1,0,0,0,0,1,0
141,1,19,8.37,5.0,0,7,2,0,0,1,13406,2.8,6,11,5,0,1,0,1,0,0,0
142,1,19,3.0,3.0,0,5,1,1,1,0,19302,2.5,3,15,1,0,1,0,1,0,0,0
143,1,20,6.04,5.0,0,5,0,1,0,0,3021,0.3,10,14,3,1,0,0,1,0,0,1
144,0,18,6.44,5.0,4,13,3,0,1,1,21373,0.4,5,2,1,1,0,0,1,0,0,0
145,1,21,8.05,6.0,0,2,1,0,1,1,17760,4.5,6,13,4,0,1,0,1,0,0,0
146,1,22,6.413634840871022,5.0,0,3,0,0,0,1,11611,9.6,2,18,0,0,1,0,1,0,0,0
147,1,23,3.42,3.0,0,3,1,0,0,0,11889,4.4,1,26,4,0,1,0,1,0,0,0
148,0,19,5.55,5.0,0,5,0,1,0,1,2915,0.5,3,3,3,0,0,1,1,0,0,1
149,1,23,6.07,3.0,0,2,4,0,0,1,13441,6.6,9,17,0,1,0,0,1,0,0,0
150,1,22,3.25,10.0,0,1,4,0,1,1,21019,10.3,1,9,2,1,0,0,1,0,0,0
151,1,17,9.61,10.0,0,7,1,0,0,1,11553,0.6,12,22,5,1,0,0,1,0,0,0
152,1,23,5.5,4.0,0,7,2,0,1,1,14303,6.9,4,9,0,0,0,1,0,1,0,0
153,0,19,4.58,7.0,0,0,4,1,0,0,4114,0.3,2,11,4,1,0,0,0,0,1,1
154,1,20,5.32,7.0,0,7,4,0,0,1,17211,9.6,6,27,6,1,0,0,1,0,0,0
155,1,17,3.53,6.0,0,2,2,0,0,1,13324,9.4,5,26,5,1,0,0,1,0,0,0
156,1,17,7.98,4.0,2,2,2,1,1,1,19619,5.3,6,10,6,1,0,0,1,0,0,0
157,1,22,4.7,6.0,0,1,4,0,1,0,13823,9.6,11,12,1,1,0,0,1,0,0,0
158,0,22,8.83,10.0,0,9,2,0,0,1,5495,0.5,3,21,3,0,1,0,1,0,0,1
159,1,20,9.63,7.0,0,0,4,1,0,1,15739,4.6,2,11,2,1,0,0,1,0,0,0
160,1,19,8.63,8.0,0,5,1,1,0,1,15708,9.9,8,28,6,1,0,0,1,0,0,0
161,1,17,4.96,8.0,1,7,3,0,1,1,12187,4.3,7,19,3,1,0,0,1,0,0,0
162,1,18,6.88,6.0,0,4,1,1,1,0,4420,0.3,2,2,3,1,0,0,1,0,0,1
163,0,17,8.54,4.0,0,2,4,0,1,0,6435,0.5,11,18,6,0,0,1,1,0,0,1
164,0,22,7.01,5.0,0,1,4,0,1,1,13965,6.5,11,8,4,1,0,0,1,0,0,0
165,1,17,5.21,8.0,0,2,1,0,0,1,12812,6.4,5,18,4,0,0,1,1,0,0,0
166,1,20,6.413634840871022,7.0,0,3,0,1,0,1,19147,1.9,5,13,3,1,0,0,1,0,0,0
167,1,24,3.43,7.0,0,15,1,0,0,1,12262,5.9,11,1,2,0,0,1,1,0,0,0
168,1,17,8.68,7.0,1,0,0,1,1,1,12785,8.6,4,2,0,1,0,0,0,0,1,0
169,0,17,4.57,6.0,0,2,4,1,1,0,5369,0.45,11,17,5,1,0,0,1,0,0,1
170,1,19,5.79,3.0,0,7,3,1,0,0,12345,3.3,11,17,3,1,0,0,1,0,0,0
171,1,23,5.44,7.0,0,14,1,1,0,0,16828,9.4,5,19,5,0,0,1,0,1,0,0
172,1,19,5.44,6.0,0,1,2,0,1,1,15487,3.8,8,24,2,1,0,0,1,0,0,0
173,1,17,6.0,10.0,3,7,4,0,1,1,21682,1.4,11,15,3,1,0,0,1,0,0,0
174,0,23,6.413634840871021,9.0,0,3,0,1,0,1,18793,7.3,5,19,5,0,0,1,0,1,0,0
175,1,20,6.49,4.0,0,9,2,1,0,1,15833,5.4,8,11,2,0,1,0,1,0,0,0
176,1,21,5.28,8.0,0,2,0,0,0,1,15960,5.4,3,18,1,1,0,0,1,0,0,0
177,1,17,4.72,5.0,0,2,0,0,0,1,18842,3.8,12,11,1,0,1,0,0,1,0,0
178,1,18,7.96,6.0,1,2,0,0,1,1,11358,1.0,12,18,0,1,0,0,1,0,0,0
179,1,17,7.62,4.0,4,11,1,0,1,0,2736,0.5,1,5,4,0,1,0,1,0,0,1
180,0,17,6.8,4.0,0,0,3,1,1,0,6419,0.15,12,16,6,1,0,0,1,0,0,1
181,1,17,7.06,9.0,0,13,4,0,0,1,17729,4.7,7,18,2,0,0,1,1,0,0,0
182,0,17,9.13,4.0,0,3,1,1,0,1,4545,0.5,6,18,0,1,0,0,0,0,1,1
183,1,22,9.34,3.0,0,5,3,1,0,0,5938,0.25,9,25,2,0,0,1,1,0,0,1
184,1,22,3.98,4.0,0,15,4,1,1,0,13139,2.6,8,18,6,1,0,0,0,0,1,0
185,1,21,5.95,6.0,0,4,2,0,0,1,19679,10.6,5,5,0,1,0,0,1,0,0,0
186,0,21,4.21,4.0,0,3,3,1,0,0,5602,0.15,6,25,2,0,1,0,1,0,0,1
187,1,19,8.65,8.0,0,5,3,0,0,0,20139,9.5,11,17,3,0,1,0,1,0,0,0
188,0,19,7.24,6.0,0,2,1,0,0,0,1260,0.15,12,15,3,1,0,0,1,0,0,1
189,1,17,7.36,5.0,0,5,4,0,1,1,6463,0.4,12,5,2,0,1,0,1,0,0,1
190,0,22,8.23,10.0,2,3,3,1,0,0,5057,0.3,6,4,1,0,0,1,0,1,0,1
191,0,24,5.26,6.0,0,14,3,1,0,0,6781,0.35,2,15,1,0,0,1,0,1,0,1
192,1,17,5.1,8.0,0,4,4,0,0,1,16129,1.9,9,5,2,1,0,0,0,0,1,0
193,1,22,8.67,10.0,0,7,0,1,1,1,12237,8.0,12,9,0,1,0,0,1,0,0,0
194,0,17,5.75,6.0,0,5,0,0,0,1,4501,0.5,11,28,2,1,0,0,0,0,1,1
195,0,20,7.56,6.0,0,7,4,1,0,0,13397,2.9,6,22,1,0,1,0,1,0,0,0
196,1,20,6.413634840871021,8.0,0,4,2,0,0,1,19476,4.8,3,25,3,1,0,0,1,0,0,0
197,1,21,5.25,6.0,0,5,1,0,0,0,13085,4.9,12,5,4,1,0,0,1,0,0,0
198,1,22,5.37,5.0,0,4,4,1,0,1,19567,6.5,9,13,4,1,0,0,0,1,0,0
199,1,19,6.324710920770878,7.0,0,0,0,0,0,0,3466,0.3,3,10,3,1,0,0,1,0,0,1
200,0,17,3.56,5.0,0,0,4,1,1,1,17997,9.6,10,27,5,1,0,0,1,0,0,0
201,1,21,7.35,9.0,0,3,2,0,0,0,12406,9.0,7,27,6,1,0,0,1,0,0,0
202,1,20,4.25,4.0,0,13,2,0,0,0,5357,0.15,11,28,6,1,0,0,0,1,0,1
203,0,19,6.29,9.0,0,0,3,1,0,0,7234,0.25,9,22,3,1,0,0,0,0,1,1
204,1,22,6.75,6.527310924369749,0,4,3,1,0,0,5613,0.4,2,26,1,0,0,1,0,1,0,1
205,1,20,8.34,8.0,0,1,4,0,0,1,15074,3.4,6,11,4,1,0,0,1,0,0,0
206,0,21,9.64,8.0,0,5,1,0,0,1,5966,0.15,3,26,2,0,1,0,1,0,0,1
207,1,19,6.16,8.0,0,14,4,1,0,0,13652,1.7,9,7,2,1,0,0,1,0,0,0
208,1,20,9.29,7.0,0,2,2,0,0,1,11821,8.6,4,23,4,0,1,0,1,0,0,0
209,1,17,7.39,3.0,0,2,1,1,0,1,13814,9.3,1,1,0,1,0,0,0,0,1,0
210,0,20,5.47,9.0,0,2,2,0,0,1,5564,0.35,4,2,4,0,0,1,0,1,0,1
211,0,20,5.2,6.0,0,7,4,1,0,0,6019,0.4,11,1,0,1,0,0,1,0,0,1
212,1,22,8.63,9.0,0,7,4,0,0,1,20142,6.6,7,15,0,0,1,0,1,0,0,0
213,0,21,5.36,10.0,0,4,3,0,0,0,7507,0.4,10,14,1,0,0,1,0,1,0,1
214,1,20,8.24,7.0,0,13,4,1,0,1,18271,1.7,9,16,3,0,1,0,1,0,0,0
215,1,19,7.59,7.0,0,6,0,1,0,0,129,0.5,12,8,3,1,0,0,1,0,0,1
216,1,20,5.15,4.0,0,2,4,0,0,1,21901,10.3,9,5,6,0,1,0,1,0,0,0
217,1,23,5.0,8.0,0,0,1,0,0,1,15438,0.6,3,13,1,1,0,0,1,0,0,0
218,1,17,7.33,9.0,0,3,0,0,0,1,10979,4.8,12,27,3,1,0,0,1,0,0,0
219,1,21,7.65,8.0,0,2,0,0,0,0,2177,0.45,8,20,2,0,0,1,1,0,0,1
220,1,19,5.75,10.0,0,2,4,1,0,1,17703,8.5,5,3,1,1,0,0,1,0,0,0
221,1,19,5.7,10.0,0,5,3,1,0,0,6654,0.4,12,25,6,0,1,0,1,0,0,1
222,1,19,9.14,9.0,2,5,4,1,0,1,20305,9.4,9,10,5,1,0,0,1,0,0,0
223,1,19,5.78,5.0,0,1,2,0,0,0,14181,2.9,2,13,6,0,1,0,1,0,0,0
224,0,17,5.66,9.0,3,1,2,0,1,1,17311,1.9,6,11,0,1,0,0,1,0,0,0
225,0,21,8.27,7.0,0,4,4,1,0,0,7486,0.2,12,22,0,0,0,1,1,0,0,1
226,1,20,6.78,4.0,0,0,3,0,0,1,20957,7.9,10,24,6,1,0,0,1,0,0,0
227,1,24,3.59,7.0,0,2,1,0,0,0,18590,4.7,3,5,6,0,1,0,1,0,0,0
228,0,18,8.94,9.0,1,4,4,1,1,0,5951,0.35,4,20,3,1,0,0,1,0,0,1
229,1,20,7.13,8.0,0,7,4,1,0,1,20626,5.5,2,1,6,0,1,0,1,0,0,0
230,0,17,9.15,8.0,0,0,1,1,0,1,14172,8.3,12,2,6,1,0,0,1,0,0,0
231,1,22,6.82,7.0,0,7,1,1,0,0,12030,7.8,2,13,2,0,1,0,1,0,0,0
232,0,18,7.52,5.0,0,4,2,1,1,1,4058,0.2,5,26,4,0,1,0,1,0,0,1
233,1,19,6.1,10.0,0,7,4,1,0,1,12134,2.3,7,4,0,0,1,0,1,0,0,0
234,1,21,6.88,3.0,0,2,0,0,0,0,19499,9.9,2,20,3,0,1,0,1,0,0,0
235,0,17,8.94,6.0,0,4,1,1,0,1,14147,4.7,9,7,4,1,0,0,0,1,0,0
236,0,17,7.31,3.0,0,4,1,0,0,0,1866,0.2,7,24,1,1,0,0,0,0,1,1
237,1,20,7.34,6.0,0,0,4,0,0,1,19877,0.5,3,9,1,0,1,0,1,0,0,0
238,1,19,6.23,6.0,0,8,2,1,0,1,19321,0.8,11,1,1,1,0,0,1,0,0,0
239,1,20,7.5,3.0,0,7,0,0,0,1,11577,8.8,7,24,5,1,0,0,0,1,0,0
240,1,22,6.99,9.0,4,10,4,0,0,1,21477,0.7,6,16,6,0,0,1,0,0,1,0
241,0,20,7.46,4.0,0,1,4,1,0,1,21815,5.3,4,27,1,1,0,0,1,0,0,0
242,0,20,5.91,8.0,0,1,2,1,1,1,3067,0.5,3,15,0,0,1,0,1,0,0,1
243,1,21,5.68,9.0,0,6,3,1,1,1,3335,0.35,1,23,3,0,0,1,1,0,0,1
244,1,23,3.0,4.0,0,2,3,0,0,1,20104,9.9,2,4,6,0,1,0,1,0,0,0
245,1,17,5.28,10.0,0,6,3,1,0,0,19359,2.5,3,12,0,1,0,0,1,0,0,0
246,0,20,7.67,3.0,0,2,1,1,1,1,11815,10.5,3,3,2,1,0,0,1,0,0,0
247,1,24,8.96,8.0,0,5,0,0,0,1,12631,7.4,10,16,0,0,0,1,1,0,0,0
248,1,20,4.7,10.0,0,3,2,1,0,0,11694,0.3,12,10,4,1,0,0,1,0,0,0
249,0,22,6.48,9.0,0,3,1,1,1,1,15622,0.4,12,20,4,1,0,0,1,0,0,0
250,0,20,6.96,10.0,0,0,2,1,1,1,6169,0.25,3,27,5,1,0,0,0,1,0,1
251,0,17,6.324710920770878,6.527310924369748,0,7,3,0,0,0,3099,0.25,11,25,6,0,0,1,0,1,0,1
252,0,20,4.27,4.0,0,3,4,0,0,0,5191,0.3,9,15,2,0,0,1,1,0,0,1
253,0,21,3.54,6.0,0,7,3,1,0,0,3807,0.25,3,24,0,0,0,1,0,1,0,1
254,0,23,7.08,10.0,0,7,4,0,1,0,4186,0.5,10,27,5,0,1,0,1,0,0,1
255,1,17,5.35,4.0,0,9,4,0,0,1,13930,1.3,11,9,4,1,0,0,0,0,1,0
256,1,17,4.08,7.0,1,7,0,0,1,1,4325,0.3,5,19,5,1,0,0,1,0,0,1
257,1,23,8.0,8.0,0,9,4,1,1,0,16040,10.3,5,4,4,0,0,1,1,0,0,0
258,1,22,5.46,9.0,0,3,1,0,0,1,17447,9.5,9,17,1,0,0,1,1,0,0,0
259,0,17,6.98,6.0,0,5,2,0,0,0,14334,1.4,11,28,2,1,0,0,0,0,1,0
260,1,21,5.81,6.0,0,6,0,0,0,1,15716,6.5,11,8,5,0,1,0,1,0,0,0
261,1,19,7.27,4.0,1,2,2,0,1,1,14613,6.6,4,15,4,1,0,0,1,0,0,0
262,1,20,3.83,6.0,0,0,1,0,0,0,5477,0.4,10,21,3,1,0,0,1,0,0,1
263,0,24,7.65,10.0,0,2,3,1,1,0,4350,0.15,5,6,5,0,0,1,1,0,0,1
264,0,21,6.27,9.0,0,14,3,1,0,0,3790,0.5,10,1,2,0,0,1,1,0,0,1
265,1,17,7.14,10.0,0,6,3,1,0,1,20499,7.6,1,12,4,0,0,1,1,0,0,0
266,1,20,4.26,8.0,0,6,3,0,0,1,3874,0.15,8,28,5,1,0,0,1,0,0,1
267,0,22,8.49,8.0,0,4,4,1,1,0,4416,0.2,10,23,2,0,1,0,1,0,0,1
268,1,21,7.64,4.0,0,7,4,0,1,1,12861,10.4,6,20,4,0,0,1,0,1,0,0
269,0,17,5.45,6.0,0,15,2,0,0,0,4682,0.4,7,10,1,1,0,0,0,0,1,1
270,0,24,8.42,9.0,0,0,3,0,0,0,7107,0.15,10,26,3,0,0,1,1,0,0,1
271,0,22,4.82,9.0,0,0,4,1,0,0,15997,7.9,10,15,1,1,0,0,1,0,0,0
272,1,17,7.31,6.0,0,12,1,1,0,1,11123,5.8,2,26,0,0,1,0,1,0,0,0
273,1,18,8.6,3.0,1,5,2,1,1,0,20591,8.9,11,26,6,1,0,0,0,0,1,0
274,0,21,4.85,6.0,0,1,1,1,1,0,4638,0.25,7,21,0,1,0,0,1,0,0,1
275,1,24,8.02,6.0,0,2,3,1,0,1,19998,1.9,3,8,2,1,0,0,0,0,1,0
276,1,20,6.27,3.0,0,2,1,0,0,1,16194,6.3,11,15,0,1,0,0,1,0,0,0
277,1,19,7.91,5.0,0,9,2,1,0,0,14199,5.3,11,16,2,1,0,0,1,0,0,0
278,1,19,6.5,9.0,0,1,1,0,0,0,5831,0.5,9,17,5,1,0,0,1,0,0,1
279,1,17,5.13,7.0,0,8,3,1,0,1,14973,0.5,6,15,4,0,0,1,1,0,0,0
280,1,21,5.76,5.0,0,1,0,1,0,0,15091,8.6,7,17,3,1,0,0,0,1,0,0
281,1,20,8.68,9.0,0,1,1,1,0,0,1844,0.5,6,27,6,1,0,0,1,0,0,1
282,1,19,6.33,6.0,0,5,4,0,0,0,17381,7.0,10,16,6,1,0,0,1,0,0,0
283,1,22,5.62,5.0,0,4,3,1,0,0,5863,0.5,9,5,3,0,1,0,1,0,0,1
284,0,19,4.83,5.0,0,6,4,1,0,0,7055,0.25,10,22,5,1,0,0,0,0,1,1
285,0,20,5.48,9.0,0,3,4,1,0,0,8589,0.5,9,13,0,0,0,1,1,0,0,1
286,0,19,8.75,3.0,0,14,3,1,0,0,6408,0.15,4,25,0,0,0,1,0,1,0,1
287,1,21,3.0,4.0,0,7,4,0,0,1,18704,6.8,10,8,2,0,1,0,0,1,0,0
288,0,20,5.16,7.0,0,5,0,0,0,0,18924,8.6,8,20,4,1,0,0,1,0,0,0
289,1,20,4.22,7.0,0,3,1,1,0,1,15245,9.6,12,22,2,1,0,0,1,0,0,0
290,1,17,7.35,3.0,0,14,4,1,0,1,19195,10.0,11,23,4,0,0,1,0,1,0,0
291,1,20,5.97,9.0,0,1,0,0,0,1,17136,11.0,2,20,4,1,0,0,0,1,0,0
292,0,17,8.74,10.0,0,6,0,1,1,1,12508,0.7,1,18,3,0,0,1,1,0,0,0
293,1,17,3.15,4.0,0,12,1,1,0,0,4839,0.25,8,17,4,0,0,1,1,0,0,1
294,0,23,7.42,10.0,0,9,3,0,1,0,6350,0.35,8,24,4,0,0,1,0,1,0,1
295,0,17,3.75,6.0,0,6,4,0,0,0,8599,0.15,9,27,3,1,0,0,0,0,1,1
296,1,17,6.84,7.0,4,14,3,1,0,0,4121,0.25,1,24,2,1,0,0,0,0,1,1
297,1,19,7.59,3.0,0,4,4,1,0,1,13500,5.3,12,26,0,1,0,0,1,0,0,0
298,0,17,7.08,7.0,0,4,0,0,0,0,3744,0.2,5,13,6,0,1,0,0,0,1,1
299,1,17,6.7,5.0,0,5,4,1,0,1,21629,8.3,11,25,6,1,0,0,1,0,0,0
300,1,17,4.65,7.0,0,11,0,0,1,0,265,0.4,10,18,3,0,0,1,1,0,0,1
301,0,17,5.49,4.0,0,7,4,1,0,0,5725,0.25,5,15,1,0,0,1,0,1,0,1
302,0,19,5.79,9.0,0,12,3,1,0,0,5246,0.2,1,17,0,0,0,1,0,1,0,1
303,1,20,6.69,8.0,0,6,4,1,0,1,21727,1.5,12,22,2,0,1,0,0,1,0,0
304,0,20,7.35,5.0,0,2,3,1,0,0,5238,0.5,9,4,5,0,0,1,0,1,0,1
305,0,20,4.86,6.0,0,4,3,0,0,0,6445,0.4,7,20,1,0,0,1,0,1,0,1
306,0,19,3.0,7.0,4,11,3,0,1,0,3528,0.25,5,15,6,0,0,1,0,1,0,1
307,0,20,7.31,6.0,0,6,3,0,1,1,21274,4.3,6,28,0,0,1,0,1,0,0,0
308,1,20,3.0,8.0,0,6,2,1,0,0,19806,10.7,3,25,3,1,0,0,1,0,0,0
309,1,22,7.68,3.0,0,4,0,0,1,1,19046,10.9,3,2,5,0,1,0,1,0,0,0
310,0,20,6.324710920770877,3.0,0,6,4,0,0,0,7571,0.3,12,18,5,1,0,0,1,0,0,1
311,0,20,6.324710920770878,7.0,0,5,3,1,0,0,6060,0.25,12,13,0,0,1,0,1,0,0,1
312,1,23,4.72,10.0,0,11,3,0,0,1,19489,1.5,4,17,1,0,1,0,1,0,0,0
313,0,20,9.45,4.0,0,6,3,0,1,0,5691,0.5,9,2,3,0,0,1,1,0,0,1
314,0,22,5.97,10.0,0,3,4,0,1,1,5578,0.45,6,16,6,0,0,1,0,1,0,1
315,1,19,6.75,9.0,0,3,4,1,0,1,20904,8.8,3,13,6,1,0,0,1,0,0,0
316,1,20,5.97,3.0,0,5,3,0,0,1,20327,4.6,1,18,6,1,0,0,1,0,0,0
317,0,20,6.16,4.0,0,2,0,0,0,1,2503,0.3,2,25,2,0,1,0,0,0,1,1
318,0,19,8.71,7.0,0,1,3,0,1,0,5141,0.45,8,16,1,0,1,0,1,0,0,1
319,0,21,6.79,4.0,0,2,1,1,0,0,2825,0.5,4,19,5,0,0,1,0,1,0,1
320,1,24,3.65,7.0,0,1,3,1,0,1,20007,2.5,8,14,0,1,0,0,1,0,0,0
321,0,21,7.6,4.0,0,4,2,1,0,0,6298,0.2,2,26,2,0,1,0,1,0,0,1
322,0,20,7.54,10.0,0,13,3,0,1,0,5903,0.5,11,5,4,1,0,0,1,0,0,1
323,0,19,3.98,10.0,0,6,3,0,1,0,5354,0.35,12,22,3,0,0,1,0,1,0,1
324,0,17,4.83,3.0,4,12,3,0,0,0,3407,0.2,12,25,1,1,0,0,0,0,1,1
325,1,22,9.82,6.0,0,2,4,0,0,0,19254,4.0,5,9,3,0,0,1,1,0,0,0
326,1,21,9.87,7.0,0,2,1,0,1,1,17048,2.6,11,20,3,0,0,1,1,0,0,0
327,1,19,5.03,9.0,4,13,0,0,0,1,12325,2.3,5,10,1,1,0,0,1,0,0,0
328,0,17,5.26,6.0,0,2,3,0,0,0,6433,0.35,5,8,1,0,0,1,1,0,0,1
329,1,17,7.67,7.0,0,6,4,1,0,1,18526,4.0,11,10,5,1,0,0,1,0,0,0
330,1,20,6.39,3.0,0,1,0,1,0,1,19376,0.4,10,3,6,0,0,1,1,0,0,0
331,0,22,4.76,10.0,0,5,2,1,0,0,3498,0.2,1,24,3,0,0,1,0,1,0,1
332,1,22,5.34,10.0,0,11,4,1,0,0,7563,0.15,6,15,5,1,0,0,1,0,0,1
333,1,22,8.17,3.0,0,3,4,0,0,1,21572,0.3,8,3,5,0,0,1,1,0,0,0
334,1,17,7.0,6.0,0,2,2,0,1,1,6054,0.3,5,27,6,0,1,0,1,0,0,1
335,0,20,5.62,4.0,3,12,3,1,1,1,7339,0.2,6,13,6,0,0,1,1,0,0,1
336,1,20,6.79,9.0,0,5,4,0,0,1,15331,5.3,12,1,2,0,1,0,1,0,0,0
337,1,20,9.12,4.0,0,5,4,0,0,0,12526,10.9,3,14,6,0,1,0,1,0,0,0
338,1,21,4.98,3.0,0,0,0,0,0,0,16140,1.3,12,8,0,0,1,0,1,0,0,0
339,0,20,5.78,10.0,0,7,1,1,0,0,3617,0.5,12,23,3,0,1,0,1,0,0,1
340,0,22,6.92,9.0,0,6,4,1,0,0,5130,0.3,3,14,3,0,1,0,1,0,0,1
341,0,17,5.63,9.0,0,2,4,1,0,0,6316,0.45,12,13,3,1,0,0,1,0,0,1
342,1,17,6.9,3.0,0,4,4,1,1,0,5232,0.35,7,22,6,1,0,0,1,0,0,1
343,1,22,8.71,7.0,0,2,3,1,0,0,17785,7.8,3,23,5,1,0,0,1,0,0,0
344,1,20,3.75,8.0,0,11,0,0,0,0,16722,0.3,2,10,1,1,0,0,1,0,0,0
345,1,17,3.0,3.0,0,1,1,0,0,1,16527,1.0,3,11,6,0,0,1,1,0,0,0
346,1,19,5.07,7.0,0,11,4,0,1,0,12009,7.6,2,5,5,1,0,0,0,1,0,0
347,1,20,4.78,4.0,0,6,0,1,0,0,18459,6.4,4,14,2,1,0,0,1,0,0,0
348,1,17,7.14,8.0,0,7,1,1,0,1,19017,3.5,9,22,5,1,0,0,0,1,0,0
349,1,20,5.76,4.0,0,3,1,1,0,1,19507,3.7,4,21,2,1,0,0,1,0,0,0
350,0,19,7.16,8.0,0,4,1,0,1,0,5862,0.4,3,7,0,0,0,1,1,0,0,1
351,0,21,9.86,6.0,0,12,4,0,0,1,17469,6.4,3,8,5,0,1,0,1,0,0,0
352,0,17,7.01,7.0,0,14,0,0,0,0,3862,0.15,8,24,4,1,0,0,0,0,1,1
353,0,17,5.54,6.0,0,14,3,1,0,0,7833,0.2,5,7,0,1,0,0,0,0,1,1
354,1,22,8.93,4.0,0,3,3,1,1,1,15658,7.0,4,12,4,1,0,0,1,0,0,0
355,1,20,7.69,5.0,0,4,1,0,0,1,11866,5.4,1,18,6,0,1,0,0,1,0,0
356,0,22,3.53,8.0,0,2,2,1,1,1,17242,2.6,2,10,6,1,0,0,0,1,0,0
357,1,21,7.41,6.0,0,10,2,0,0,1,13114,5.6,7,20,6,1,0,0,1,0,0,0
358,1,17,4.6,7.0,0,3,2,0,0,0,14741,9.8,6,26,1,1,0,0,0,0,1,0
359,1,20,3.0,7.0,0,0,4,0,0,0,19813,2.6,8,23,0,1,0,0,1,0,0,0
360,0,24,5.18,6.0,0,2,1,1,0,0,1640,0.5,9,9,5,0,0,1,0,1,0,1
361,0,17,6.324710920770877,7.0,0,10,3,0,0,0,6814,0.3,9,28,4,1,0,0,0,1,0,1
362,0,17,8.93,6.0,0,3,4,1,0,0,7703,0.15,3,24,5,1,0,0,0,0,1,1
363,0,20,9.69,5.0,0,3,3,1,0,0,6147,0.3,6,20,6,0,0,1,0,1,0,1
364,1,20,6.38,6.0,0,5,3,1,0,1,6120,0.2,2,11,2,0,0,1,0,1,0,1
365,1,19,4.43,4.0,0,6,4,0,0,1,17629,3.4,9,24,5,1,0,0,1,0,0,0
366,1,19,7.3,3.0,0,3,0,1,0,0,16816,2.0,10,1,5,1,0,0,1,0,0,0
367,1,19,7.64,7.0,0,5,1,1,0,0,14302,8.4,3,10,3,0,0,1,0,1,0,0
368,0,17,5.76,8.0,3,4,1,0,1,1,12737,6.5,6,5,1,1,0,0,1,0,0,0
369,0,17,7.01,6.0,0,6,2,1,0,1,3277,0.2,9,5,2,0,0,1,0,1,0,1
370,0,19,5.86,4.0,0,11,3,0,0,0,7997,0.3,2,28,0,1,0,0,1,0,0,1
371,1,20,6.22,9.0,0,1,3,0,1,1,21244,3.6,10,10,6,0,0,1,0,1,0,0
372,1,19,5.31,8.0,0,5,3,1,0,1,14967,10.7,9,18,6,1,0,0,0,1,0,0
373,1,19,9.23,3.0,0,3,0,1,0,1,18413,7.4,8,5,4,1,0,0,1,0,0,0
374,0,22,8.96,10.0,0,14,0,0,0,1,2946,0.35,10,17,3,0,0,1,0,1,0,1
375,0,17,7.09,5.0,0,6,3,1,1,1,4262,0.3,4,18,2,1,0,0,0,1,0,1
376,1,21,8.1,10.0,0,0,4,0,0,1,15483,10.0,1,1,2,1,0,0,1,0,0,0
377,0,21,9.0,6.0,0,9,3,1,0,0,3542,0.3,6,16,0,0,0,1,1,0,0,1
378,1,17,7.69,10.0,0,0,3,0,0,1,17621,6.8,4,25,2,1,0,0,1,0,0,0
379,1,19,7.88,4.0,0,12,1,0,0,1,17137,4.7,8,14,6,0,1,0,1,0,0,0
380,0,21,7.67,3.0,0,6,0,0,0,0,2649,0.15,4,14,0,0,1,0,1,0,0,1
381,1,17,5.56,10.0,0,3,3,1,0,1,15404,8.3,7,20,4,1,0,0,0,0,1,0
382,0,19,8.25,10.0,0,0,2,0,0,0,4450,0.45,7,1,4,0,1,0,0,1,0,1
383,1,21,8.13,5.0,0,8,4,0,1,0,8199,0.25,3,23,6,0,0,1,1,0,0,1
384,1,19,4.7,6.0,0,2,4,1,0,0,7295,0.5,5,2,0,1,0,0,1,0,0,1
385,1,20,8.21,3.0,4,14,4,0,0,1,15140,8.6,6,7,0,1,0,0,1,0,0,0
386,0,20,8.24,8.0,0,4,2,1,0,0,4994,0.25,10,5,1,0,0,1,0,1,0,1
387,0,20,4.02,4.0,0,4,4,1,1,0,8103,0.5,6,2,2,1,0,0,1,0,0,1
388,1,19,4.47,5.0,0,6,4,1,0,1,12553,4.9,8,20,5,1,0,0,1,0,0,0
389,0,20,4.56,5.0,0,4,2,1,0,0,13420,1.6,9,28,1,1,0,0,1,0,0,0
390,1,22,5.57,4.0,0,1,2,0,0,1,15348,1.7,8,5,0,0,1,0,1,0,0,0
391,1,20,7.65,10.0,0,5,0,1,0,1,11599,4.9,6,20,6,0,1,0,1,0,0,0
392,0,20,6.21,3.0,0,4,1,0,0,1,3099,0.35,7,18,6,0,1,0,1,0,0,1
393,1,21,6.45,7.0,0,2,3,0,0,0,7898,0.3,7,28,0,1,0,0,1,0,0,1
394,1,20,9.97,10.0,0,1,3,0,0,1,19696,9.9,11,27,5,1,0,0,1,0,0,0
395,0,19,6.413634840871022,7.0,0,1,4,1,0,1,17786,1.9,9,27,1,1,0,0,1,0,0,0
396,1,20,5.57,6.0,0,2,0,0,0,1,19348,1.8,3,18,3,1,0,0,1,0,0,0
397,0,19,5.19,7.0,0,4,4,0,0,1,16185,2.8,10,2,6,1,0,0,1,0,0,0
398,1,21,5.31,9.0,0,5,4,1,0,1,13384,9.8,8,20,2,0,1,0,1,0,0,0
399,1,23,7.59,7.0,0,4,1,1,0,0,15993,1.5,11,20,1,1,0,0,1,0,0,0
400,1,17,6.51,6.0,0,1,0,0,1,0,3826,0.5,8,6,0,0,1,0,1,0,0,1
401,1,19,7.04,10.0,0,6,4,1,0,1,20366,2.0,11,2,2,1,0,0,1,0,0,0
402,0,17,7.18,7.0,3,7,2,1,1,0,17661,5.7,5,5,5,1,0,0,1,0,0,0
403,1,17,5.16,10.0,0,14,0,1,0,1,10449,9.5,5,4,4,1,0,0,1,0,0,0
404,1,17,4.28,8.0,0,7,1,1,0,1,13526,8.7,5,26,5,1,0,0,0,0,1,0
405,0,21,4.7,3.0,0,5,2,0,0,1,5361,0.15,6,10,1,0,0,1,0,0,1,1
406,1,17,6.28,7.0,0,1,3,0,0,1,12544,6.0,5,22,1,0,1,0,1,0,0,0
407,1,22,7.25,5.0,0,8,2,1,0,0,2329,0.25,12,3,1,1,0,0,1,0,0,1
408,0,17,5.76,3.0,0,2,3,1,0,0,11584,10.3,10,19,4,1,0,0,1,0,0,0
409,0,21,6.21,8.0,0,0,3,1,1,0,7061,0.2,12,27,5,0,1,0,1,0,0,1
410,0,19,7.58,3.0,0,2,4,0,1,0,8448,0.25,9,20,1,0,1,0,1,0,0,1
411,1,20,7.87,10.0,0,11,4,0,0,0,16975,3.9,9,15,2,0,1,0,1,0,0,0
412,0,18,8.55,7.0,0,1,4,1,1,0,18521,8.0,6,12,0,1,0,0,1,0,0,0
413,1,17,7.52,3.0,0,14,4,0,0,1,12610,1.8,10,17,2,1,0,0,0,1,0,0
414,1,19,8.08,9.0,0,7,2,0,0,0,15619,7.5,12,11,6,1,0,0,0,0,1,0
415,1,20,6.69,10.0,0,3,1,1,0,1,13559,10.3,11,13,5,1,0,0,1,0,0,0
416,0,20,5.31,5.0,0,0,0,0,1,1,13269,1.8,8,25,2,1,0,0,1,0,0,0
417,1,19,7.76,4.0,0,9,1,1,1,1,20461,8.4,7,27,2,1,0,0,1,0,0,0
418,1,17,5.93,6.0,0,7,1,1,0,1,15360,10.7,2,15,3,1,0,0,1,0,0,0
419,0,20,6.25,7.0,0,7,0,1,0,1,4755,0.3,4,17,5,0,1,0,1,0,0,1
420,0,19,6.324710920770878,8.0,0,5,4,1,0,0,8364,0.3,8,26,4,0,1,0,1,0,0,1
421,1,17,5.43,10.0,0,0,3,1,0,1,20070,2.8,9,28,4,1,0,0,0,0,1,0
422,1,21,5.48,9.0,0,6,3,0,0,1,7809,0.2,7,1,1,1,0,0,1,0,0,1
423,1,20,6.97,3.0,0,4,3,0,0,0,3785,0.15,2,17,1,0,0,1,1,0,0,1
424,0,17,6.22,6.0,0,9,4,0,0,0,5222,0.45,8,21,1,1,0,0,1,0,0,1
425,0,22,4.49,6.0,0,3,3,1,0,0,5307,0.35,10,15,1,0,1,0,1,0,0,1
426,1,19,6.33,7.0,0,0,3,0,0,0,14173,0.4,6,22,2,1,0,0,1,0,0,0
427,1,23,9.0,8.0,0,8,2,1,0,0,19681,0.3,1,18,3,0,0,1,1,0,0,0
428,0,19,5.33,5.0,0,7,0,0,1,0,4575,0.15,2,26,5,0,0,1,1,0,0,1
429,0,19,9.15,5.0,4,14,3,1,1,1,15514,7.7,10,28,4,1,0,0,1,0,0,0
430,0,20,4.32,10.0,4,14,2,1,1,0,4215,0.45,8,25,2,0,1,0,1,0,0,1
431,1,24,7.54,10.0,0,5,4,0,1,1,14883,6.9,6,4,6,0,0,1,1,0,0,0
432,1,20,4.75,10.0,0,9,1,1,0,1,16752,0.5,7,14,2,0,1,0,1,0,0,0
433,0,22,8.48,5.0,0,6,1,0,1,0,5649,0.35,9,9,0,0,1,0,1,0,0,1
434,1,19,7.81,4.0,0,2,3,0,0,1,15944,4.3,2,21,0,1,0,0,1,0,0,0
435,1,20,9.75,9.0,0,4,1,0,0,1,14570,8.5,5,2,6,1,0,0,1,0,0,0
436,0,20,5.32,9.0,0,1,0,0,0,0,3321,0.5,1,25,6,0,1,0,1,0,0,1
437,1,17,7.98,10.0,0,3,3,0,0,0,3076,0.25,5,11,4,1,0,0,1,0,0,1
438,1,17,8.33,9.0,0,3,4,0,1,0,7303,0.45,7,3,1,0,0,1,1,0,0,1
439,0,18,8.15,5.0,0,3,4,0,1,0,5468,0.3,5,24,2,0,1,0,1,0,0,1
440,1,21,3.78,7.0,0,7,4,0,0,0,8199,0.5,10,18,5,0,0,1,1,0,0,1
441,0,18,6.06,10.0,4,12,4,1,1,0,4103,0.3,3,5,6,1,0,0,0,1,0,1
442,1,23,6.44,4.0,0,5,3,0,0,0,6690,0.45,12,10,0,0,0,1,1,0,0,1
443,1,21,6.97,4.0,0,15,4,0,1,0,19578,4.5,3,20,3,0,1,0,1,0,0,0
444,1,17,6.36,5.0,0,3,2,1,0,1,19589,9.4,2,24,5,1,0,0,1,0,0,0
445,1,20,8.0,9.0,0,6,0,1,0,1,13335,3.6,5,21,4,0,0,1,0,1,0,0
446,1,23,7.93,9.0,0,3,2,1,0,1,5110,0.15,11,26,0,0,0,1,0,1,0,1
447,1,17,6.11,10.0,0,6,4,0,0,1,18710,1.5,10,16,1,1,0,0,1,0,0,0
448,1,20,4.9,10.0,0,6,2,0,0,1,3935,0.15,7,14,2,1,0,0,0,1,0,1
449,1,24,6.53,7.0,0,7,3,0,0,1,12215,10.7,5,28,6,0,0,1,1,0,0,0
450,0,17,7.84,3.0,0,7,3,0,0,1,6943,0.15,9,9,6,0,0,1,1,0,0,1
451,0,23,6.59,3.0,0,5,4,1,0,1,5837,0.3,1,28,6,0,1,0,1,0,0,1
452,1,17,7.9,6.0,0,8,4,0,0,1,13289,7.8,7,7,5,1,0,0,0,0,1,0
453,1,22,7.8,6.0,0,14,1,0,0,0,4354,0.3,11,12,1,0,0,1,1,0,0,1
454,1,21,7.18,4.0,0,7,4,0,0,0,20251,4.4,6,26,3,1,0,0,1,0,0,0
455,1,22,6.31,3.0,0,2,1,1,0,1,11063,3.9,1,9,2,0,0,1,1,0,0,0
456,1,22,7.8,3.0,0,5,0,0,0,1,12061,3.4,5,6,0,0,1,0,1,0,0,0
457,1,17,5.17,4.0,0,11,0,1,0,1,17678,2.6,9,8,5,1,0,0,1,0,0,0
458,1,21,5.83,7.0,0,6,4,1,0,1,20844,8.7,11,3,0,1,0,0,1,0,0,0
459,1,17,3.69,10.0,0,11,2,0,0,0,12053,0.8,6,6,2,0,1,0,1,0,0,0
460,1,23,6.78,6.0,0,6,3,0,0,1,16430,10.9,10,25,3,0,0,1,1,0,0,0
461,1,17,7.77,5.0,0,4,2,0,0,0,13885,3.0,1,6,5,1,0,0,0,0,1,0
462,0,17,7.19,6.0,4,11,0,0,1,1,220,0.15,10,26,4,1,0,0,0,1,0,1
463,1,17,4.68,9.0,0,4,3,0,0,1,15442,10.3,1,14,6,1,0,0,1,0,0,0
464,1,21,8.98,8.0,0,0,2,0,0,1,18515,3.9,4,8,1,1,0,0,1,0,0,0
465,0,21,7.26,7.0,0,7,0,0,1,0,359,0.4,3,27,3,0,1,0,1,0,0,1
466,0,20,6.23,7.0,0,4,4,0,0,0,5384,0.2,5,14,4,0,1,0,0,1,0,1
467,0,19,6.43,7.0,0,7,3,0,0,1,18174,3.7,3,21,0,1,0,0,1,0,0,0
468,1,17,6.73,5.0,0,11,0,1,0,1,18923,2.8,8,18,5,0,0,1,1,0,0,0
469,1,21,8.61,3.0,0,7,2,0,0,1,17697,2.8,8,25,0,0,1,0,1,0,0,0
470,1,20,6.04,7.0,0,6,0,1,0,1,15553,2.4,4,1,3,1,0,0,1,0,0,0
471,1,19,6.12,5.0,0,6,2,0,0,1,20665,2.3,8,13,5,1,0,0,1,0,0,0
472,0,17,7.2,5.0,0,5,1,0,1,0,5625,0.3,5,24,3,1,0,0,1,0,0,1
473,1,18,8.88,10.0,2,2,4,1,1,1,13880,7.4,5,15,0,1,0,0,1,0,0,0
474,1,17,6.29,6.0,0,11,0,1,0,1,16045,0.3,4,21,5,0,1,0,1,0,0,0
475,1,23,6.21,9.0,0,6,4,1,0,1,19743,7.4,1,9,1,1,0,0,1,0,0,0
476,0,24,5.06,6.0,0,2,0,1,0,0,2972,0.45,1,26,2,1,0,0,1,0,0,1
477,1,20,6.324710920770877,9.0,0,9,4,0,0,0,4851,0.5,1,22,3,0,0,1,0,1,0,1
478,0,17,4.57,3.0,3,0,3,1,1,1,20986,6.9,6,13,2,1,0,0,1,0,0,0
479,0,21,3.73,4.0,0,7,3,1,0,1,5285,0.4,3,10,0,0,0,1,1,0,0,1
480,1,24,9.78,7.0,0,2,3,0,0,1,19377,5.3,11,7,1,0,0,1,0,1,0,0
481,1,20,7.75,9.0,0,3,1,1,0,0,16011,5.9,8,14,5,1,0,0,1,0,0,0
482,1,18,5.65,7.0,0,2,1,0,1,0,1955,0.45,3,16,3,1,0,0,1,0,0,1
483,1,17,7.29,7.0,0,0,4,0,0,1,21597,8.0,1,4,3,1,0,0,1,0,0,0
484,1,19,5.38,3.0,0,0,1,0,0,1,15995,3.9,8,25,3,1,0,0,1,0,0,0
485,1,23,4.34,4.0,0,2,1,1,0,1,17073,4.3,4,17,1,0,0,1,1,0,0,0
486,1,25,5.77,5.0,0,14,2,0,0,1,20209,9.9,8,11,2,0,0,1,0,1,0,0
487,1,19,3.0,5.0,0,5,1,0,0,1,15273,0.9,5,26,3,1,0,0,1,0,0,0
488,1,17,8.68,9.0,0,1,1,1,0,0,19890,7.7,9,11,1,1,0,0,0,1,0,0
489,0,23,3.63,8.0,0,5,2,0,0,0,2401,0.15,3,14,2,0,0,1,0,1,0,1
490,1,17,5.65,4.0,0,15,4,1,0,1,14431,3.0,11,17,5,1,0,0,1,0,0,0
491,0,20,6.99,7.0,0,5,0,0,1,1,10019,10.7,9,5,6,0,0,1,1,0,0,0
492,1,20,6.81,9.0,0,2,3,1,0,1,11801,9.0,10,19,1,1,0,0,1,0,0,0
493,1,19,6.53,7.0,0,1,2,0,0,1,20976,8.9,8,9,1,1,0,0,1,0,0,0
494,0,19,7.19,9.0,0,6,0,0,0,0,16925,5.9,11,20,6,1,0,0,0,0,1,0
495,0,17,3.59,9.0,0,9,3,1,0,1,13796,8.5,7,1,6,1,0,0,0,0,1,0
496,0,21,7.54,9.0,0,5,0,0,0,0,10633,5.9,5,12,0,1,0,0,1,0,0,0
497,0,19,6.413634840871022,8.0,0,2,2,0,0,1,2912,0.2,3,8,1,0,0,1,1,0,0,1
498,1,19,6.413634840871022,3.0,0,6,4,1,0,1,14112,9.8,10,26,2,0,0,1,0,1,0,0
499,0,21,6.324710920770879,8.0,0,2,0,0,1,0,1497,0.25,1,5,6,0,1,0,1,0,0,1
500,1,17,6.81,9.0,0,13,4,0,0,0,4686,0.2,9,5,2,0,0,1,1,0,0,1
501,1,20,6.57,3.0,0,0,3,0,0,1,16613,5.3,12,6,0,1,0,0,1,0,0,0
502,1,20,7.35,6.0,0,7,2,1,0,0,6719,0.5,11,17,2,1,0,0,1,0,0,1
503,1,20,8.56,7.0,0,6,3,0,0,1,4162,0.15,8,25,2,1,0,0,0,0,1,1
504,1,17,8.5,9.0,0,1,3,0,0,1,20028,1.8,1,6,5,1,0,0,1,0,0,0
505,1,21,8.75,6.0,0,6,4,1,0,0,5227,0.45,7,18,4,0,0,1,1,0,0,1
506,0,23,4.64,3.0,0,2,3,1,0,0,7184,0.4,3,20,1,0,0,1,0,1,0,1
507,1,20,5.73,4.0,0,7,3,1,0,1,18910,0.9,5,28,4,1,0,0,1,0,0,0
508,1,22,9.42,6.0,0,3,1,0,0,1,10545,8.4,3,20,2,0,0,1,1,0,0,0
509,0,21,8.16,10.0,0,3,0,1,0,0,3763,0.45,11,25,1,0,1,0,1,0,0,1
510,1,17,5.0,10.0,0,6,3,0,0,1,15655,7.4,4,6,4,1,0,0,0,0,1,0
511,0,21,6.73,4.0,0,1,0,1,0,0,1425,0.15,11,1,5,0,1,0,1,0,0,1
512,1,21,3.0,8.0,0,5,3,1,0,1,19135,8.6,4,2,2,1,0,0,1,0,0,0
513,0,20,7.31,9.0,0,5,0,1,0,0,3049,0.15,7,3,5,0,0,1,1,0,0,1
514,1,19,9.36,8.0,0,7,3,1,0,1,18054,7.7,5,1,6,1,0,0,1,0,0,0
515,1,17,5.09,8.0,0,7,0,1,0,1,18703,5.0,8,19,6,1,0,0,0,1,0,0
516,0,22,5.48,8.0,0,11,0,0,1,0,3909,0.2,10,18,4,0,0,1,0,1,0,1
517,1,17,7.56,7.0,0,11,4,0,0,1,14313,1.5,5,18,4,1,0,0,0,1,0,0
518,1,22,7.05,3.0,0,6,1,1,0,0,16178,9.7,1,6,6,1,0,0,0,0,1,0
519,0,23,6.9,10.0,0,0,3,1,0,0,3479,0.45,2,1,3,0,1,0,1,0,0,1
520,1,17,6.65,9.0,0,4,3,0,0,1,14609,2.0,5,11,4,0,0,1,1,0,0,0
521,1,21,6.12,3.0,0,4,1,1,0,1,14613,5.0,11,13,3,1,0,0,1,0,0,0
522,1,20,4.06,7.0,4,13,4,1,1,1,21719,1.6,11,27,5,0,1,0,1,0,0,0
523,0,17,5.49,9.0,0,9,1,0,1,0,2987,0.25,11,20,1,0,1,0,1,0,0,1
524,1,17,7.67,8.0,0,5,3,0,0,1,18820,0.4,8,13,0,1,0,0,0,1,0,0
525,1,19,6.19,3.0,0,5,2,1,1,1,20376,1.9,12,19,0,1,0,0,0,1,0,0
526,0,17,9.25,8.0,0,4,1,1,1,0,5708,0.3,1,2,1,1,0,0,0,1,0,1
527,0,20,5.06,3.0,0,8,4,0,0,1,14514,2.7,4,24,5,1,0,0,1,0,0,0
528,0,18,5.44,5.0,0,5,4,1,1,1,8309,0.4,12,15,4,0,1,0,1,0,0,1
529,1,22,7.04,7.0,0,2,3,0,0,1,18451,5.5,8,11,6,0,0,1,1,0,0,0
530,0,20,5.72,6.0,0,4,0,1,0,1,2909,0.15,10,24,6,0,0,1,0,1,0,1
531,1,17,5.06,9.0,0,4,3,1,0,0,15068,3.3,3,25,6,1,0,0,1,0,0,0
532,0,19,4.88,10.0,0,0,0,0,1,0,106,0.4,10,2,6,0,0,1,0,1,0,1
533,0,21,7.13,4.0,0,2,4,0,1,0,7930,0.25,1,20,0,0,0,1,1,0,0,1
534,0,18,6.34,4.0,1,8,3,0,1,1,12677,8.9,4,16,6,1,0,0,1,0,0,0
535,0,18,6.94,4.0,1,5,0,0,1,1,14504,0.5,3,8,2,1,0,0,1,0,0,0
536,1,21,5.87,10.0,0,3,0,1,0,0,657,0.15,5,12,0,0,1,0,1,0,0,1
537,1,23,7.85,7.0,0,11,3,0,0,1,19564,5.3,10,20,5,0,0,1,0,1,0,0
538,1,24,7.28,10.0,0,7,3,0,0,1,19054,3.9,6,17,5,0,0,1,1,0,0,0
539,0,19,6.44,9.0,0,3,2,1,0,1,4311,0.3,8,21,6,0,1,0,1,0,0,1
540,1,17,4.8,5.0,0,7,4,0,0,0,4179,0.3,2,16,4,0,1,0,0,1,0,1
541,1,21,7.93,6.0,0,1,4,1,1,1,15375,7.5,8,9,5,1,0,0,1,0,0,0
542,1,18,3.0,10.0,0,2,1,1,1,0,3094,0.15,6,28,2,0,1,0,1,0,0,1
543,1,19,4.39,10.0,0,14,4,1,1,0,4906,0.3,5,16,0,0,0,1,0,1,0,1
544,1,20,6.23,9.0,0,7,4,1,0,0,20403,5.7,5,18,1,0,1,0,1,0,0,0
545,1,17,7.69,4.0,0,4,0,1,0,1,15994,9.8,11,15,3,1,0,0,0,0,1,0
546,1,19,5.4,8.0,0,8,0,0,0,0,1270,0.5,2,8,1,1,0,0,0,1,0,1
547,0,19,7.3,7.0,0,6,4,0,0,0,6305,0.45,7,13,2,1,0,0,1,0,0,1
548,1,24,7.95,4.0,0,0,4,1,0,0,15063,3.7,2,27,6,0,0,1,1,0,0,0
549,0,22,8.06,4.0,0,5,0,1,0,0,2087,0.35,10,25,4,0,0,1,0,1,0,1
550,1,17,5.86,5.0,0,12,3,1,0,1,18962,10.8,7,15,6,0,0,1,0,1,0,0
551,0,21,8.54,4.0,0,1,3,1,1,0,4327,0.25,10,9,3,0,0,1,1,0,0,1
552,0,21,6.54,9.0,0,4,3,1,0,0,4197,0.4,5,2,4,1,0,0,1,0,0,1
553,1,17,6.87,8.0,0,3,3,1,0,1,13007,1.4,5,8,1,1,0,0,0,0,1,0
554,1,22,3.53,8.0,0,5,0,0,0,1,14003,9.3,8,27,1,1,0,0,1,0,0,0
555,1,20,6.98,6.0,0,4,0,0,0,1,15372,11.0,5,3,0,0,1,0,1,0,0,0
556,1,17,5.4,8.0,0,2,0,0,0,1,13730,10.7,10,19,4,1,0,0,1,0,0,0
557,0,17,5.23,6.0,0,15,1,1,0,0,15401,0.9,4,5,3,1,0,0,1,0,0,0
558,1,20,5.3,7.0,4,14,2,0,0,1,12990,1.5,5,2,6,1,0,0,1,0,0,0
559,1,19,3.3,8.0,0,15,1,1,0,1,19946,8.6,6,20,0,1,0,0,1,0,0,0
560,0,20,6.21,6.0,0,0,1,0,1,1,15113,7.4,11,1,0,1,0,0,1,0,0,0
561,1,17,7.9,9.0,0,15,4,0,0,1,13953,3.7,7,23,0,1,0,0,0,1,0,0
562,1,21,4.04,8.0,0,8,4,0,0,0,6348,0.5,1,11,5,1,0,0,1,0,0,1
563,1,24,5.73,5.0,0,7,4,1,0,0,8199,0.4,4,15,5,0,1,0,1,0,0,1
564,0,23,7.62,10.0,4,12,3,0,0,1,3867,0.2,7,21,5,0,0,1,1,0,0,1
565,1,21,3.0,6.0,0,5,4,1,0,0,8513,0.25,5,11,6,0,0,1,1,0,0,1
566,0,17,4.29,10.0,0,11,3,0,0,0,4844,0.45,11,20,1,1,0,0,0,0,1,1
567,1,19,8.18,10.0,0,1,3,0,0,1,15862,0.6,9,22,3,1,0,0,1,0,0,0
568,1,19,7.02,10.0,0,4,1,1,0,1,19513,8.8,5,5,3,1,0,0,1,0,0,0
569,0,21,6.33,9.0,0,9,2,0,0,0,2575,0.2,9,26,4,0,1,0,1,0,0,1
570,0,21,6.03,8.0,0,6,4,0,0,1,8616,0.3,4,12,5,0,0,1,1,0,0,1
571,0,17,7.1,4.0,0,5,3,1,0,1,14062,3.6,7,18,2,1,0,0,0,1,0,0
572,1,21,7.5,10.0,0,9,1,1,0,0,4919,0.4,2,2,6,1,0,0,1,0,0,1
573,0,20,5.84,9.0,0,4,4,0,1,0,5818,0.3,4,4,6,0,1,0,1,0,0,1
574,0,21,5.44,3.0,0,2,4,0,1,0,6268,0.3,6,10,1,0,0,1,0,1,0,1
575,1,23,4.36,10.0,0,1,3,0,0,1,12862,6.9,9,8,5,0,1,0,1,0,0,0
576,1,21,6.39,6.0,0,10,1,0,0,1,11400,4.4,7,21,0,0,0,1,0,1,0,0
577,1,17,8.82,6.0,0,3,1,0,0,1,13611,7.3,1,6,5,1,0,0,0,1,0,0
578,0,19,8.22,8.0,0,4,0,0,1,1,1263,0.5,9,27,1,0,0,1,1,0,0,1
579,1,22,5.38,9.0,0,5,4,1,0,1,17288,9.9,9,9,0,0,1,0,1,0,0,0
580,1,24,4.39,10.0,0,11,4,1,1,0,6986,0.35,2,6,6,0,0,1,0,1,0,1
581,1,19,6.53,5.0,0,4,3,1,0,1,14200,5.9,6,17,4,1,0,0,1,0,0,0
582,1,17,6.88,4.0,0,5,2,1,0,1,16876,5.5,9,26,2,1,0,0,1,0,0,0
583,1,21,9.75,8.0,0,9,1,0,0,1,19393,2.6,5,8,3,1,0,0,1,0,0,0
584,0,23,7.79,4.0,0,6,1,1,0,0,4801,0.2,6,9,5,0,0,1,0,1,0,1
585,1,22,6.25,9.0,0,9,3,0,0,1,13477,0.8,8,13,1,1,0,0,1,0,0,0
586,0,17,3.83,9.0,0,15,0,0,1,1,14552,8.0,9,18,1,1,0,0,0,0,1,0
587,1,21,6.24,7.0,0,9,2,1,0,1,17004,7.8,8,16,5,0,1,0,1,0,0,0
588,1,21,8.6,5.0,0,2,2,0,1,0,13693,8.6,10,3,4,1,0,0,1,0,0,0
589,0,17,5.32,4.0,0,0,0,1,0,0,3703,0.35,12,19,2,0,1,0,1,0,0,1
590,1,23,5.82,3.0,0,1,4,1,0,0,12292,1.3,3,1,3,1,0,0,1,0,0,0
591,1,17,7.11,6.0,0,4,1,0,0,1,10575,4.4,5,11,4,1,0,0,0,1,0,0
592,1,23,7.98,5.0,0,6,1,0,0,0,1338,0.45,8,10,4,0,0,1,0,1,0,1
593,0,20,7.55,7.0,4,13,3,1,1,0,4540,0.2,8,2,0,0,1,0,1,0,0,1
594,1,17,6.413634840871022,8.0,0,0,3,1,0,1,15587,6.8,11,10,5,1,0,0,1,0,0,0
595,1,17,3.75,4.0,0,0,0,0,0,1,16554,4.4,12,15,5,0,0,1,1,0,0,0
596,1,22,6.21,3.0,0,0,1,0,0,1,10659,1.5,5,13,0,1,0,0,1,0,0,0
597,1,21,6.5,9.0,0,5,2,0,0,1,4384,0.35,12,15,0,0,0,1,0,1,0,1
598,1,21,5.31,7.0,0,3,4,0,0,1,13031,2.5,5,23,4,1,0,0,1,0,0,0
599,1,20,8.16,7.0,0,6,4,1,0,1,21607,3.3,11,4,3,1,0,0,1,0,0,0
600,1,20,4.42,10.0,0,2,0,0,0,0,861,0.5,3,3,2,0,0,1,1,0,0,1
601,0,19,7.3,4.0,0,4,3,0,1,0,4240,0.15,9,6,1,0,1,0,0,1,0,1
602,0,22,9.42,3.0,0,0,3,1,0,0,6335,0.3,11,2,5,0,0,1,1,0,0,1
603,0,21,7.6,3.0,0,2,3,0,1,1,12581,3.8,11,11,1,1,0,0,1,0,0,0
604,1,17,7.62,10.0,0,0,2,1,0,1,11917,9.5,1,8,0,1,0,0,1,0,0,0
605,0,17,5.67,3.0,0,0,2,0,0,1,6043,0.5,10,25,3,1,0,0,0,0,1,1
606,1,17,7.2,8.0,0,4,3,1,0,1,11909,3.9,10,18,3,1,0,0,0,0,1,0
607,1,21,5.17,8.0,0,2,1,1,0,1,19644,9.4,7,14,0,1,0,0,1,0,0,0
608,0,20,5.56,5.0,0,7,0,0,1,0,3178,0.3,3,3,2,0,1,0,1,0,0,1
609,1,21,8.33,6.0,0,2,3,0,1,1,16382,7.5,7,2,2,1,0,0,1,0,0,0
610,0,20,7.08,3.0,0,13,0,1,0,1,14436,3.5,5,21,4,1,0,0,1,0,0,0
611,0,17,7.21,10.0,4,12,0,0,1,1,3854,0.35,2,18,6,0,1,0,1,0,0,1
612,1,20,6.59,9.0,0,1,4,0,0,0,17341,9.6,4,20,1,0,1,0,1,0,0,0
613,1,20,5.44,9.0,0,7,3,1,0,1,16902,6.3,4,21,2,1,0,0,0,1,0,0
614,1,22,5.45,5.0,0,13,1,1,0,0,1569,0.4,9,21,5,0,0,1,1,0,0,1
615,1,19,7.11,3.0,0,3,4,1,1,1,6710,0.25,6,22,2,1,0,0,0,1,0,1
616,1,19,7.46,10.0,0,14,3,1,0,1,14935,5.7,6,5,6,1,0,0,1,0,0,0
617,1,19,9.1,5.0,0,3,2,0,0,1,13297,7.4,8,17,2,1,0,0,1,0,0,0
618,1,24,6.79,7.0,0,5,1,0,0,0,18558,0.7,11,17,4,0,0,1,1,0,0,0
619,1,23,8.25,5.0,0,8,2,1,0,1,15790,6.5,3,23,4,0,1,0,0,0,1,0
620,0,19,9.83,9.0,0,4,0,0,0,0,2516,0.2,7,3,6,0,0,1,1,0,0,1
621,1,20,8.69,4.0,0,5,3,1,0,0,16098,8.8,12,28,1,1,0,0,1,0,0,0
622,1,17,5.95,9.0,0,1,4,0,0,1,19040,8.4,8,19,6,1,0,0,0,0,1,0
623,1,26,4.55,8.0,0,2,2,1,0,1,5931,0.45,4,18,5,0,0,1,1,0,0,1
624,1,23,6.95,8.0,0,5,3,0,0,0,20596,2.9,1,6,5,1,0,0,1,0,0,0
625,1,21,6.49,10.0,0,1,3,1,0,1,7178,0.45,7,15,1,0,0,1,0,1,0,1
626,1,17,6.69,7.0,0,12,3,1,0,1,14951,5.4,7,7,5,0,0,1,1,0,0,0
627,0,18,5.33,8.0,3,2,4,0,1,1,16705,3.5,12,19,1,1,0,0,1,0,0,0
628,0,20,3.0,3.0,0,15,1,0,0,1,5003,0.3,2,18,2,0,1,0,1,0,0,1
629,1,21,6.77,8.0,0,2,4,1,0,1,18263,5.8,5,10,5,1,0,0,1,0,0,0
630,1,20,7.64,8.0,0,6,0,0,1,1,12054,9.4,12,27,0,0,1,0,1,0,0,0
631,0,22,5.32,10.0,0,4,2,0,1,1,15961,4.3,11,8,4,1,0,0,1,0,0,0
632,1,17,8.27,6.0,0,4,3,0,0,0,19172,9.5,12,5,2,1,0,0,1,0,0,0
633,1,19,6.33,3.0,0,4,0,0,0,1,15637,6.3,8,27,5,1,0,0,1,0,0,0
634,0,20,5.97,4.0,0,3,4,0,0,1,8236,0.15,10,14,3,0,0,1,0,1,0,1
635,0,17,9.0,6.0,3,3,3,0,1,0,12235,9.3,5,4,4,1,0,0,1,0,0,0
636,1,17,9.37,10.0,0,4,1,1,0,0,2994,0.15,2,24,5,1,0,0,1,0,0,1
637,0,17,5.92,8.0,4,12,3,0,1,0,6974,0.5,7,4,2,1,0,0,0,1,0,1
638,1,22,4.87,3.0,0,3,4,0,0,1,8520,0.35,6,9,6,0,0,1,0,1,0,1
639,1,19,9.29,6.0,0,2,4,0,0,1,13143,1.0,6,6,0,1,0,0,1,0,0,0
640,1,23,6.324710920770879,5.0,0,4,2,0,0,0,4030,0.15,12,23,6,0,0,1,0,1,0,1
641,1,17,7.34,7.0,0,11,4,1,0,1,17889,6.9,6,28,3,1,0,0,1,0,0,0
642,0,20,8.53,9.0,0,1,2,1,0,0,5642,0.5,3,20,5,1,0,0,1,0,0,1
643,1,17,9.18,5.0,0,0,4,0,0,1,17013,5.8,9,3,0,1,0,0,1,0,0,0
644,0,19,9.36,9.0,0,3,0,0,1,0,312,0.2,5,25,2,0,1,0,1,0,0,1
645,1,19,6.6,6.0,0,5,3,1,0,0,17469,7.5,5,14,5,1,0,0,1,0,0,0
646,0,17,6.18,7.0,0,8,0,0,0,1,1131,0.5,2,2,4,1,0,0,0,0,1,1
647,0,19,8.35,10.0,0,3,3,0,0,1,19926,6.7,11,24,3,1,0,0,0,0,1,0
648,1,20,7.73,4.0,4,13,0,0,0,1,14624,2.0,10,1,4,0,1,0,1,0,0,0
649,1,17,7.25,6.0,0,9,1,1,0,1,16055,6.4,5,26,5,1,0,0,1,0,0,0
650,0,21,8.34,3.0,0,3,2,1,1,1,13592,4.8,4,24,3,1,0,0,0,0,1,0
651,1,20,3.59,4.0,0,8,0,1,0,1,18057,11.0,7,20,1,0,1,0,1,0,0,0
652,1,24,9.06,8.0,0,5,0,1,1,0,13960,3.7,1,20,3,0,0,1,0,1,0,0
653,1,23,5.66,7.0,4,13,2,1,0,0,3679,0.45,4,8,6,0,0,1,1,0,0,1
654,1,22,6.36,8.0,0,6,3,0,0,0,11551,1.4,10,13,6,1,0,0,0,1,0,0
655,1,22,5.6,4.0,0,6,1,0,0,0,20090,5.8,3,18,0,0,0,1,1,0,0,0
656,1,21,8.28,9.0,0,0,0,0,0,1,16176,5.3,4,17,3,1,0,0,1,0,0,0
657,1,19,6.3,6.0,0,6,2,0,0,0,2727,0.35,10,25,1,1,0,0,1,0,0,1
658,1,21,7.33,5.0,4,13,4,0,0,1,20443,9.8,9,13,5,0,1,0,1,0,0,0
659,1,20,5.59,9.0,0,13,1,0,0,0,13401,0.7,12,27,0,0,1,0,1,0,0,0
660,1,17,7.3,6.0,0,4,2,0,0,1,19950,4.8,8,24,4,1,0,0,1,0,0,0
661,1,22,3.0,8.0,0,6,2,1,0,1,16129,4.3,10,19,5,1,0,0,1,0,0,0
662,0,17,7.84,7.0,0,14,2,1,0,0,5268,0.3,11,18,6,0,0,1,1,0,0,1
663,0,22,8.25,10.0,0,4,3,1,1,0,4066,0.2,3,5,1,0,1,0,1,0,0,1
664,1,20,8.45,6.0,0,6,4,0,0,1,17135,8.9,10,18,0,0,0,1,1,0,0,0
665,1,25,3.0,5.0,0,3,1,0,0,1,14527,9.0,10,16,5,0,1,0,1,0,0,0
666,1,20,7.19,5.0,0,2,1,0,0,1,5396,0.25,4,23,4,0,1,0,1,0,0,1
667,1,17,7.26,10.0,0,5,4,0,0,1,21318,1.9,10,25,3,0,1,0,1,0,0,0
668,1,19,3.8,5.0,0,5,0,0,0,0,18396,6.7,3,7,0,1,0,0,1,0,0,0
669,1,20,8.94,7.0,0,5,1,1,0,1,14958,4.4,12,9,3,1,0,0,1,0,0,0
670,0,19,3.51,5.0,0,15,2,0,0,0,3980,0.15,3,28,0,1,0,0,1,0,0,1
671,0,22,5.26,4.0,0,13,4,0,1,0,16775,1.6,1,22,1,1,0,0,1,0,0,0
672,1,21,8.14,9.0,0,8,1,1,1,1,1704,0.45,5,10,5,0,0,1,0,1,0,1
673,0,17,7.64,4.0,0,3,4,1,0,1,19991,7.3,8,17,4,1,0,0,0,0,1,0
674,1,20,3.0,4.0,0,7,1,1,0,0,5756,0.25,5,10,0,0,0,1,0,1,0,1
675,1,19,8.54,5.0,0,4,4,0,0,1,18163,6.9,4,9,5,1,0,0,1,0,0,0
676,1,24,6.41,4.0,0,14,0,0,1,1,15943,9.8,6,25,6,0,1,0,1,0,0,0
677,1,20,5.69,5.0,0,14,2,1,1,1,20453,7.4,1,3,5,0,1,0,0,1,0,0
678,1,19,6.77,4.0,1,5,2,0,1,0,11760,1.7,9,7,2,1,0,0,1,0,0,0
679,1,19,4.79,3.0,0,6,2,1,0,1,15096,1.7,8,18,3,1,0,0,1,0,0,0
680,1,19,8.79,10.0,0,7,2,1,0,1,13851,2.3,9,5,0,1,0,0,1,0,0,0
681,0,19,7.4,10.0,0,7,1,1,1,0,3030,0.2,4,10,6,0,0,1,1,0,0,1
682,1,20,8.57,6.0,0,6,4,0,0,0,5161,0.3,1,26,0,0,0,1,1,0,0,1
683,0,17,7.57,10.0,0,5,4,1,1,0,5161,0.3,9,24,0,1,0,0,0,1,0,1
684,1,17,6.21,3.0,0,4,4,0,0,1,6273,0.2,2,21,2,1,0,0,1,0,0,1
685,1,20,6.98,8.0,0,4,3,0,0,1,14256,2.0,5,14,4,1,0,0,0,1,0,0
686,1,24,5.84,9.0,0,2,1,0,0,1,15206,6.8,12,23,5,0,0,1,1,0,0,0
687,1,23,7.22,10.0,0,1,0,1,0,0,18542,8.7,10,1,0,0,1,0,1,0,0,0
688,1,22,4.99,8.0,0,8,0,1,0,1,18077,4.3,4,24,2,1,0,0,1,0,0,0
689,0,17,9.08,7.0,0,2,4,0,0,0,6748,0.25,11,10,5,1,0,0,0,0,1,1
690,1,23,6.43,10.0,0,4,3,0,1,0,20794,4.7,5,27,6,0,0,1,0,1,0,0
691,1,22,4.65,4.0,0,13,2,1,0,1,14182,2.8,3,5,1,1,0,0,1,0,0,0
692,0,19,3.64,6.0,0,5,3,0,0,0,3689,0.3,8,15,0,0,0,1,0,1,0,1
693,1,21,5.88,3.0,0,6,4,0,0,0,5912,0.5,8,25,0,0,0,1,1,0,0,1
694,0,19,5.28,6.0,0,2,3,0,1,1,13790,1.8,8,7,6,1,0,0,0,1,0,0
695,1,20,5.92,6.0,0,1,0,1,0,1,16859,0.6,8,11,2,1,0,0,0,0,1,0
696,1,20,7.37,8.0,0,0,0,0,0,1,10378,8.0,12,3,4,1,0,0,1,0,0,0
697,1,21,5.58,10.0,0,10,2,1,0,1,11031,10.4,12,11,3,0,1,0,1,0,0,0
698,0,22,5.07,9.0,0,0,2,1,0,1,2446,0.5,7,11,3,0,1,0,1,0,0,1
699,1,22,6.69,9.0,0,5,3,0,0,0,5959,0.25,2,24,6,0,0,1,1,0,0,1
700,0,19,4.51,6.0,0,0,4,1,0,0,8966,0.25,11,5,5,0,0,1,1,0,0,1
701,1,17,6.79,6.0,0,0,4,1,1,0,4878,0.3,1,20,5,1,0,0,0,1,0,1
702,0,20,6.94,5.0,0,15,3,0,0,0,5243,0.4,4,14,2,0,0,1,0,1,0,1
703,1,17,7.43,3.0,0,3,3,0,0,1,17957,7.6,4,22,6,0,0,1,1,0,0,0
704,1,22,7.45,6.0,0,11,2,0,0,0,3474,0.45,5,27,0,0,0,1,1,0,0,1
705,1,20,6.413634840871022,4.0,0,7,3,0,0,1,21314,1.4,7,23,4,1,0,0,1,0,0,0
706,1,23,6.12,4.0,0,15,4,0,0,1,20105,6.4,6,11,0,0,1,0,1,0,0,0
707,1,19,7.08,9.0,0,6,3,1,0,1,18759,10.9,1,3,0,1,0,0,1,0,0,0
708,0,21,5.86,9.0,0,0,1,1,0,0,5458,0.4,5,20,1,0,0,1,0,1,0,1
709,0,20,4.23,8.0,0,6,3,0,0,0,7494,0.3,10,28,3,0,1,0,1,0,0,1
710,1,17,7.47,9.0,0,7,4,0,0,0,12649,5.5,3,2,4,1,0,0,0,0,1,0
711,1,21,4.22,5.0,0,4,3,0,0,0,15150,0.3,6,12,3,1,0,0,1,0,0,0
712,0,18,7.27,6.0,0,4,4,0,1,0,8523,0.15,5,28,6,0,1,0,1,0,0,1
713,1,19,4.74,4.0,0,5,4,1,0,1,17162,8.5,5,23,0,1,0,0,1,0,0,0
714,1,21,4.88,7.0,0,1,1,0,0,1,20081,6.0,11,18,1,0,1,0,1,0,0,0
715,1,23,7.95,5.0,0,10,0,1,0,1,12332,3.9,6,13,2,0,1,0,1,0,0,0
716,1,20,3.64,3.0,0,11,2,0,0,1,2162,0.2,10,11,0,0,0,1,1,0,0,1
717,1,19,7.66,5.0,0,10,4,0,0,0,19220,8.0,2,25,4,1,0,0,1,0,0,0
718,0,20,3.42,10.0,3,10,2,1,0,0,5588,0.2,12,9,3,0,1,0,1,0,0,1
719,0,17,9.4,8.0,0,7,3,0,0,0,3968,0.4,5,19,5,1,0,0,0,0,1,1
720,1,20,8.17,4.0,0,2,4,0,0,0,16823,5.3,7,24,5,0,1,0,1,0,0,0
721,0,20,7.91,10.0,0,6,0,1,0,1,18902,8.0,11,17,2,1,0,0,1,0,0,0
722,0,20,6.89,3.0,0,5,1,1,0,0,1393,0.45,7,23,4,0,0,1,1,0,0,1
723,1,18,5.12,7.0,0,4,3,0,0,0,16773,3.7,2,4,5,1,0,0,0,1,0,0
724,1,17,6.48,5.0,0,2,1,0,0,1,14355,10.8,7,25,2,0,1,0,1,0,0,0
725,1,20,6.413634840871023,3.0,0,0,2,1,0,1,14986,6.3,7,13,1,0,1,0,1,0,0,0
726,1,20,5.41,6.0,0,5,1,1,0,1,11529,6.0,10,8,4,0,1,0,1,0,0,0
727,1,20,8.14,7.0,0,4,2,0,0,0,17990,2.8,4,26,0,1,0,0,1,0,0,0
728,0,22,5.48,9.0,0,0,4,0,1,1,20749,6.7,12,2,0,1,0,0,1,0,0,0
729,1,21,6.26,10.0,0,5,2,0,0,0,6022,0.3,11,4,1,0,0,1,0,1,0,1
730,1,17,5.36,7.0,0,4,3,1,0,0,18828,3.9,11,20,1,1,0,0,1,0,0,0
731,1,17,6.67,3.0,0,3,2,0,0,0,15761,1.5,3,6,1,1,0,0,1,0,0,0
732,1,17,5.68,8.0,0,6,1,0,0,0,1662,0.5,7,16,0,0,0,1,1,0,0,1
733,1,21,6.08,10.0,0,4,3,1,0,1,12847,6.0,7,26,5,0,0,1,1,0,0,0
734,0,19,4.6,6.0,4,14,2,1,1,0,6923,0.3,11,9,2,0,0,1,0,1,0,1
735,1,20,9.94,3.0,0,5,4,0,0,0,14961,8.5,1,26,0,1,0,0,1,0,0,0
736,1,20,9.36,7.0,0,1,2,1,0,0,5775,0.35,11,1,0,1,0,0,1,0,0,1
737,1,25,7.97,6.0,0,10,4,0,1,1,12470,2.6,5,27,3,0,0,1,1,0,0,0
738,1,19,6.11,8.0,0,10,2,1,1,1,11424,1.6,7,22,4,1,0,0,1,0,0,0
739,0,20,8.19,4.0,0,7,1,0,0,0,3668,0.2,5,8,5,0,1,0,1,0,0,1
740,1,19,7.52,7.0,0,0,4,0,0,1,19213,7.3,7,22,4,0,0,1,1,0,0,0
741,1,20,6.7,5.0,0,10,2,0,0,1,11627,8.4,2,10,1,1,0,0,0,0,1,0
742,0,17,6.55,3.0,0,3,3,0,1,0,4462,0.35,9,15,5,0,1,0,1,0,0,1
743,1,18,8.87,9.0,0,5,4,1,1,0,7566,0.2,9,17,6,1,0,0,1,0,0,1
744,1,21,4.93,5.0,0,1,4,0,0,0,13016,10.6,10,23,3,1,0,0,1,0,0,0
745,1,20,7.45,3.0,0,1,0,1,0,0,16837,0.3,1,3,5,1,0,0,1,0,0,0
746,0,22,7.58,7.0,0,4,1,0,1,1,3540,0.4,9,6,4,0,1,0,1,0,0,1
747,1,17,3.85,10.0,0,3,4,0,1,0,7900,0.25,6,16,5,0,1,0,1,0,0,1
748,1,20,5.78,3.0,0,9,4,1,0,1,15961,3.6,5,17,0,1,0,0,1,0,0,0
749,1,19,4.62,8.0,0,7,2,0,0,1,20655,2.5,11,24,3,0,1,0,1,0,0,0
750,1,21,3.0,6.0,0,4,2,1,0,1,20823,6.5,1,23,3,1,0,0,1,0,0,0
751,0,21,5.3,7.0,0,4,2,1,0,0,3260,0.2,8,13,2,0,0,1,1,0,0,1
752,1,17,6.0,9.0,0,0,3,1,0,1,12077,11.0,8,21,1,1,0,0,1,0,0,0
753,1,22,5.96,6.0,0,10,3,0,0,1,11884,0.9,12,4,2,1,0,0,1,0,0,0
754,1,19,7.86,5.0,0,0,4,0,0,0,5969,0.4,4,18,0,1,0,0,0,1,0,1
755,0,21,5.59,3.0,0,5,3,0,1,0,5265,0.4,7,1,1,0,0,1,1,0,0,1
756,1,19,5.53,6.0,0,3,4,0,0,1,15168,6.3,7,9,5,1,0,0,1,0,0,0
757,0,23,6.38,4.0,0,0,2,1,0,0,2719,0.4,2,27,1,0,0,1,1,0,0,1
758,1,17,4.95,5.0,0,1,3,0,0,0,17344,6.5,8,24,4,0,0,1,0,1,0,0
759,0,20,5.89,6.0,0,7,1,0,0,1,10992,3.6,2,19,3,1,0,0,0,0,1,0
760,1,17,7.03,10.0,0,4,2,0,0,1,20021,1.7,11,26,0,1,0,0,0,0,1,0
761,1,21,9.29,3.0,0,5,2,0,0,1,20847,2.5,1,18,5,1,0,0,1,0,0,0
762,1,20,8.74,4.0,0,5,0,0,0,1,12327,10.5,9,24,4,1,0,0,1,0,0,0
763,1,22,4.43,10.0,0,1,2,1,0,1,19030,4.8,9,27,4,1,0,0,1,0,0,0
764,0,23,6.3,10.0,0,0,1,0,0,1,16804,5.5,10,2,1,0,1,0,1,0,0,0
765,1,17,4.19,6.0,0,10,2,0,0,1,16744,5.6,5,22,1,1,0,0,0,1,0,0
766,0,23,4.79,7.0,0,2,0,0,1,0,3071,0.5,12,15,5,0,1,0,1,0,0,1
767,1,19,6.08,10.0,0,7,4,1,0,1,19935,1.3,1,13,3,1,0,0,1,0,0,0
768,1,17,4.6,3.0,0,8,0,1,0,1,11243,5.6,12,17,0,1,0,0,0,0,1,0
769,0,18,4.7,9.0,0,1,1,0,0,0,2587,0.35,11,18,5,1,0,0,1,0,0,1
770,1,17,7.09,6.0,0,3,3,1,0,1,14002,9.8,7,19,3,1,0,0,0,0,1,0
771,0,22,5.35,7.0,0,8,2,0,1,1,3756,0.25,5,24,4,0,0,1,1,0,0,1
772,0,18,4.08,8.0,0,9,4,1,0,0,4544,0.35,12,28,3,1,0,0,0,1,0,1
773,0,19,4.51,4.0,0,0,4,1,0,0,7746,0.35,8,5,4,0,0,1,1,0,0,1
774,1,20,6.324710920770878,6.0,0,11,4,1,0,0,14737,6.6,6,15,1,0,0,1,1,0,0,0
775,1,17,7.56,8.0,0,6,1,0,1,1,16605,9.0,10,8,0,1,0,0,1,0,0,0
776,1,20,6.77,7.0,0,6,2,0,0,1,19402,8.9,11,11,3,1,0,0,1,0,0,0
777,1,20,6.3,3.0,0,2,2,0,0,1,13229,6.0,9,7,1,1,0,0,1,0,0,0
778,0,19,5.09,10.0,0,13,0,1,0,0,3806,0.15,1,21,4,1,0,0,1,0,0,1
779,1,18,5.97,10.0,1,10,4,0,1,1,20879,10.6,7,18,1,1,0,0,0,0,1,0
780,1,17,6.63,4.0,0,9,2,1,1,0,3078,0.5,12,24,0,1,0,0,1,0,0,1
781,1,22,3.0,3.0,0,6,4,0,0,1,20442,6.7,5,21,1,0,0,1,0,1,0,0
782,1,17,5.87,9.0,0,15,1,0,0,1,11675,8.7,8,2,3,1,0,0,0,0,1,0
783,1,19,8.5,6.0,0,6,0,0,0,1,10674,10.3,4,11,0,0,1,0,1,0,0,0
784,1,17,5.81,10.0,0,5,0,0,0,1,11188,8.9,7,12,3,0,0,1,0,1,0,0
785,1,20,7.54,10.0,0,8,2,0,0,1,19370,5.4,2,5,3,1,0,0,1,0,0,0
786,1,21,6.0,5.0,0,15,4,1,0,1,19869,3.7,10,28,1,0,1,0,1,0,0,0
787,0,23,5.53,8.0,0,3,1,0,0,0,4568,0.5,6,14,3,0,0,1,1,0,0,1
788,0,20,5.45,6.0,0,2,4,0,0,0,4553,0.5,7,2,4,1,0,0,1,0,0,1
789,1,20,6.28,9.0,0,14,3,0,0,1,17598,5.9,10,1,4,1,0,0,0,1,0,0
790,0,20,6.82,4.0,0,1,2,1,1,1,16073,8.7,3,28,6,1,0,0,1,0,0,0
791,1,21,5.49,9.0,0,13,2,1,0,1,14909,8.8,12,25,3,0,1,0,1,0,0,0
792,0,20,8.41,5.0,0,7,0,0,1,0,1912,0.2,11,7,6,0,1,0,1,0,0,1
793,1,18,7.78,6.0,0,12,3,1,1,0,6982,0.4,4,12,2,0,0,1,1,0,0,1
794,1,17,7.83,6.0,0,1,4,0,1,0,6366,0.15,10,7,6,1,0,0,0,1,0,1
795,1,20,3.0,8.0,0,8,4,0,0,0,4902,0.25,10,19,1,1,0,0,1,0,0,1
796,1,20,7.65,4.0,0,1,4,0,0,1,18327,9.8,8,7,5,1,0,0,1,0,0,0
797,1,21,8.08,7.0,0,3,1,0,0,1,17978,1.3,3,10,0,0,0,1,1,0,0,0
798,0,19,6.21,8.0,0,6,0,1,0,1,11695,8.3,2,3,3,1,0,0,1,0,0,0
799,1,21,4.39,3.0,0,8,4,1,0,1,18256,5.8,8,21,3,0,1,0,1,0,0,0
800,0,21,7.13,4.0,0,4,0,1,0,0,3683,0.5,8,22,4,0,0,1,1,0,0,1
801,1,20,9.86,4.0,0,1,3,1,0,1,14679,2.9,11,25,3,1,0,0,1,0,0,0
802,1,21,8.41,4.0,0,5,0,0,0,1,11232,5.7,8,12,1,1,0,0,1,0,0,0
803,1,21,8.65,6.0,0,4,2,0,0,1,11415,5.4,5,17,5,0,1,0,1,0,0,0
804,0,18,5.75,7.0,1,10,2,0,1,1,19461,5.5,4,28,4,1,0,0,1,0,0,0
805,1,20,7.59,4.0,0,6,1,1,0,1,12281,5.3,7,10,5,1,0,0,1,0,0,0
806,1,17,5.41,8.0,0,7,2,0,0,1,19029,1.5,7,19,3,0,0,1,1,0,0,0
807,0,20,7.17,8.0,0,1,0,0,0,1,16865,1.3,4,13,1,1,0,0,1,0,0,0
808,1,20,8.32,10.0,0,6,0,1,1,1,13135,7.6,10,20,2,0,1,0,0,1,0,0
809,1,22,6.94,10.0,0,5,4,1,0,1,14291,7.6,8,22,3,1,0,0,1,0,0,0
810,1,18,3.1,8.0,3,4,1,0,1,1,19800,4.0,5,14,6,1,0,0,1,0,0,0
811,0,23,8.32,8.0,0,0,0,0,1,1,4925,0.35,6,9,5,0,0,1,1,0,0,1
812,1,20,5.94,3.0,0,12,3,1,0,0,5322,0.2,6,12,5,1,0,0,1,0,0,1
813,1,21,6.58,6.0,0,2,3,0,0,0,16312,10.4,7,19,5,0,0,1,1,0,0,0
814,0,20,5.27,8.0,0,5,3,0,1,0,6643,0.25,11,13,5,1,0,0,1,0,0,1
815,1,17,3.0,5.0,1,1,4,0,1,1,13810,9.8,8,2,3,1,0,0,1,0,0,0
816,1,17,6.413634840871022,3.0,0,3,1,0,0,1,17155,5.5,7,19,3,1,0,0,0,0,1,0
817,1,17,9.38,9.0,0,7,4,0,0,0,14678,7.6,10,19,4,1,0,0,1,0,0,0
818,1,17,4.9,10.0,0,2,1,0,1,0,3580,0.15,10,5,4,0,1,0,0,1,0,1
819,1,17,5.31,7.0,0,6,3,1,0,0,7363,0.5,4,4,2,1,0,0,0,0,1,1
820,0,19,6.7,9.0,0,15,3,0,0,0,5748,0.25,11,7,0,1,0,0,0,1,0,1
821,1,17,5.7,5.0,0,7,4,1,1,1,6804,0.35,1,14,6,0,1,0,1,0,0,1
822,1,17,7.54,10.0,0,1,3,1,0,0,19957,10.4,4,11,2,1,0,0,0,1,0,0
823,1,20,6.324710920770879,6.527310924369748,0,14,1,1,0,0,12926,3.3,9,7,1,1,0,0,1,0,0,0
824,1,19,6.54,3.0,0,4,2,1,0,1,14714,11.0,8,11,3,1,0,0,1,0,0,0
825,0,21,3.81,6.0,0,15,2,1,1,0,3625,0.15,11,23,6,0,0,1,0,1,0,1
826,1,19,3.0,6.64763458401305,0,10,4,1,0,1,17098,10.3,9,11,6,1,0,0,1,0,0,0
827,1,17,3.0,10.0,0,10,1,1,0,1,20101,0.4,4,7,5,1,0,0,1,0,0,0
828,1,21,3.24,10.0,0,14,2,0,0,1,3185,0.5,5,18,6,1,0,0,1,0,0,1
829,1,17,7.27,5.0,0,2,3,0,0,0,3204,0.4,12,23,6,0,0,1,0,1,0,1
830,1,19,9.42,9.0,0,7,4,0,0,0,12231,7.8,6,13,0,1,0,0,1,0,0,0
831,1,19,8.43,10.0,0,10,2,1,0,1,12057,7.4,6,14,1,0,1,0,1,0,0,0
832,0,20,6.413634840871022,6.0,0,6,2,1,0,1,3454,0.2,5,13,3,0,0,1,0,1,0,1
833,1,21,5.02,4.0,0,4,3,0,0,1,12263,9.4,4,21,0,1,0,0,0,1,0,0
834,1,19,6.6,10.0,0,3,2,1,0,1,19863,3.5,8,8,0,1,0,0,1,0,0,0
835,1,22,4.81,10.0,0,4,1,1,0,1,13568,0.7,8,8,3,1,0,0,1,0,0,0
836,1,17,8.99,6.0,2,1,3,0,1,1,18515,7.7,1,9,1,1,0,0,1,0,0,0
837,1,21,8.92,3.0,0,2,1,0,0,0,17428,4.9,11,7,4,1,0,0,0,1,0,0
838,1,20,5.34,5.0,0,8,2,1,1,1,14836,1.6,11,12,4,0,1,0,1,0,0,0
839,0,17,6.12,4.0,0,6,1,0,0,1,5481,0.15,2,12,0,0,0,1,0,1,0,1
840,1,17,7.1,7.0,1,3,3,1,1,1,17340,4.8,11,1,3,1,0,0,1,0,0,0
841,1,25,7.03,4.0,0,5,1,0,0,1,16599,9.5,1,20,2,1,0,0,1,0,0,0
842,0,18,7.55,6.0,0,4,2,0,1,1,18535,0.7,4,13,3,1,0,0,0,1,0,0
843,0,19,4.26,10.0,0,2,1,1,1,0,3516,0.4,6,7,1,0,0,1,1,0,0,1
844,0,22,5.45,6.0,0,4,3,1,0,0,12708,4.4,8,18,6,0,1,0,1,0,0,0
845,0,19,6.92,5.0,0,2,1,0,1,0,2282,0.4,11,3,3,1,0,0,1,0,0,1
846,0,22,8.06,9.0,0,5,3,0,1,0,4924,0.45,11,21,3,0,0,1,1,0,0,1
847,1,23,6.94,10.0,0,4,3,0,0,1,4651,0.5,7,23,0,0,0,1,1,0,0,1
848,0,20,6.35,10.0,0,7,3,1,1,0,4419,0.5,10,10,6,1,0,0,0,1,0,1
849,1,17,6.61,5.0,0,6,4,1,0,1,19101,2.6,6,25,0,1,0,0,0,1,0,0
850,1,22,4.02,9.0,4,14,0,0,0,1,16493,5.6,1,9,2,1,0,0,1,0,0,0
851,1,19,4.17,6.0,0,6,1,1,0,1,14123,0.9,6,22,2,0,1,0,1,0,0,0
852,0,22,4.75,5.0,0,1,4,0,0,0,7528,0.15,2,19,1,0,0,1,1,0,0,1
853,0,17,3.65,4.0,2,2,4,0,1,1,13068,3.6,5,28,0,1,0,0,1,0,0,0
854,1,20,6.33,6.0,0,5,2,1,0,1,13045,0.8,1,27,1,0,1,0,1,0,0,0
855,0,22,7.88,5.0,0,7,2,0,0,0,5690,0.5,11,2,5,0,1,0,1,0,0,1
856,0,20,6.29,10.0,0,5,4,1,0,0,7996,0.15,9,16,3,0,1,0,0,1,0,1
857,1,20,7.28,6.0,0,9,3,1,0,0,18842,8.0,10,28,3,0,0,1,1,0,0,0
858,1,17,5.98,3.0,0,4,0,1,0,1,17356,10.8,12,26,2,1,0,0,1,0,0,0
859,1,17,5.9,3.0,0,5,3,0,1,0,6237,0.25,6,25,0,1,0,0,1,0,0,1
860,1,20,8.14,10.0,0,2,4,0,0,1,13844,0.9,9,13,0,1,0,0,1,0,0,0
861,0,22,7.12,4.0,0,3,3,1,1,1,3573,0.5,6,26,2,0,0,1,1,0,0,1
862,1,21,5.64,7.0,0,4,4,0,0,0,13344,8.5,6,14,5,0,0,1,1,0,0,0
863,1,22,3.05,10.0,0,5,4,0,0,0,16167,8.3,11,12,1,1,0,0,1,0,0,0
864,0,20,7.09,10.0,0,7,4,1,0,0,8210,0.25,3,6,5,0,1,0,0,1,0,1
865,0,19,3.62,9.0,0,5,4,0,0,0,4660,0.35,1,21,4,1,0,0,0,1,0,1
866,1,19,7.95,4.0,0,1,4,1,0,0,12603,7.9,4,10,6,1,0,0,1,0,0,0
867,1,19,6.413634840871022,5.0,0,1,2,0,0,1,19888,9.8,6,7,1,1,0,0,1,0,0,0
868,1,17,7.01,6.0,0,2,0,1,0,1,11880,1.4,6,11,0,1,0,0,1,0,0,0
869,0,23,6.324710920770879,6.527310924369749,0,10,0,0,1,0,3285,0.3,2,24,5,0,0,1,0,1,0,1
870,0,20,6.77,9.0,0,7,3,0,1,1,6383,0.5,2,28,5,0,1,0,1,0,0,1
871,1,21,8.66,7.0,0,8,3,1,0,1,19685,9.4,8,2,5,1,0,0,1,0,0,0
872,0,19,7.36,5.0,0,3,1,1,0,1,14872,9.5,3,26,5,1,0,0,1,0,0,0
873,1,20,4.81,4.0,0,9,1,0,0,1,12367,11.0,4,16,4,0,1,0,1,0,0,0
874,1,20,5.2,9.0,0,1,1,1,0,1,11579,6.4,7,24,5,1,0,0,1,0,0,0
875,0,21,5.94,10.0,0,3,2,1,1,1,18594,5.3,11,7,4,1,0,0,0,0,1,0
876,1,20,4.88,3.0,0,2,0,0,0,0,12083,9.4,2,2,0,0,1,0,1,0,0,0
877,0,19,7.77,4.0,0,0,0,1,0,0,3664,0.3,3,1,1,0,0,1,1,0,0,1
878,0,17,7.61,7.0,0,7,4,1,1,1,20275,8.7,4,5,3,1,0,0,1,0,0,0
879,1,20,5.18,7.0,0,2,0,1,0,0,4204,0.15,8,22,6,0,0,1,0,1,0,1
880,1,21,7.15,4.0,0,11,4,0,0,1,15119,2.3,7,3,3,1,0,0,0,0,1,0
881,1,21,3.16,10.0,0,4,0,1,0,1,15575,5.5,11,24,0,1,0,0,0,0,1,0
882,0,22,5.92,4.0,0,2,3,1,0,1,19018,8.4,2,12,1,1,0,0,1,0,0,0
883,1,24,8.17,10.0,0,3,0,0,0,1,19095,0.5,9,7,3,0,1,0,0,0,1,0
884,1,20,7.01,7.0,0,5,2,1,0,1,11573,0.9,7,27,1,1,0,0,1,0,0,0
885,0,19,4.57,10.0,0,4,4,0,1,1,15934,0.6,8,26,4,1,0,0,1,0,0,0
886,1,19,7.54,5.0,0,0,1,1,0,1,13387,4.6,11,21,0,1,0,0,1,0,0,0
887,0,20,6.83,4.0,0,5,0,0,0,0,3697,0.4,6,10,3,1,0,0,0,0,1,1
888,1,20,6.62,4.0,0,6,4,0,1,1,14180,7.6,1,12,0,0,1,0,1,0,0,0
889,0,19,6.71,5.0,0,2,2,0,0,0,4305,0.15,6,3,4,1,0,0,0,1,0,1
890,1,19,6.74,10.0,4,12,4,0,0,1,21717,8.0,1,10,0,1,0,0,1,0,0,0
891,1,17,6.92,9.0,0,7,2,0,0,0,15020,1.4,2,15,3,1,0,0,1,0,0,0
892,1,22,7.19,5.0,0,10,1,1,0,0,1010,0.35,3,23,5,0,0,1,1,0,0,1
893,0,20,7.99,5.0,0,2,4,1,0,1,8713,0.35,3,4,3,0,0,1,1,0,0,1
894,1,24,4.3,9.0,0,9,4,1,0,1,17937,2.6,4,24,0,0,1,0,1,0,0,0
895,0,22,7.41,3.0,0,8,4,0,0,0,6174,0.4,3,17,6,0,0,1,1,0,0,1
896,0,20,5.02,7.0,0,6,3,1,0,0,7935,0.15,11,13,5,0,1,0,0,1,0,1
897,1,21,4.39,9.0,0,6,3,1,0,1,17173,5.7,10,24,4,0,1,0,0,0,1,0
898,1,19,6.55,7.0,0,5,0,0,0,0,4744,0.3,12,23,4,1,0,0,0,1,0,1
899,0,20,6.59,8.0,0,1,3,1,0,1,12933,0.3,12,8,2,1,0,0,1,0,0,0
900,0,22,5.39,4.0,0,5,2,0,0,1,2010,0.15,2,26,1,1,0,0,0,1,0,1
901,1,23,5.78,9.0,0,3,3,1,0,0,17635,5.3,2,24,5,0,0,1,0,1,0,0
902,1,18,7.7,6.0,0,4,1,0,1,0,2941,0.25,7,27,3,1,0,0,1,0,0,1
903,0,17,6.54,9.0,0,1,4,1,0,0,5148,0.4,4,4,2,0,0,1,1,0,0,1
904,1,19,7.96,4.0,0,3,3,1,1,1,15173,9.3,6,9,3,0,0,1,0,1,0,0
905,0,22,6.35,3.0,0,5,0,0,1,1,4737,0.45,4,10,2,0,0,1,0,1,0,1
906,1,23,8.01,3.0,0,8,4,0,0,0,16030,1.0,8,21,1,1,0,0,1,0,0,0
907,0,19,5.21,3.0,0,8,1,0,1,0,5776,0.45,3,11,4,0,0,1,0,1,0,1
908,1,20,3.97,6.0,0,1,3,1,0,1,18742,9.8,4,23,4,1,0,0,0,1,0,0
909,1,22,5.94,4.0,0,2,0,1,0,1,16805,4.5,10,19,5,0,0,1,1,0,0,0
910,1,17,6.88,10.0,4,11,2,0,0,0,14527,1.5,8,23,3,1,0,0,0,1,0,0
911,1,23,6.38,5.0,0,15,2,0,0,1,13083,8.5,4,19,3,0,1,0,1,0,0,0
912,1,20,5.61,5.0,4,12,3,1,0,1,20982,4.8,10,3,6,0,1,0,1,0,0,0
913,0,21,3.0,5.0,0,13,2,1,1,0,5256,0.25,1,5,6,1,0,0,1,0,0,1
914,0,17,4.56,3.0,0,4,3,0,1,0,4423,0.45,2,19,0,1,0,0,1,0,0,1
915,1,20,5.97,3.0,0,15,3,0,0,0,3907,0.3,3,11,3,0,0,1,0,1,0,1
916,1,19,6.22,8.0,0,7,4,0,0,0,5298,0.25,7,28,3,1,0,0,0,1,0,1
917,0,17,7.03,4.0,0,7,3,0,0,0,13630,7.0,12,6,3,1,0,0,1,0,0,0
918,0,19,4.62,5.0,0,1,1,0,0,1,15534,10.9,5,5,3,1,0,0,1,0,0,0
919,1,20,3.0,8.0,0,1,3,1,0,1,19863,8.7,7,8,3,1,0,0,1,0,0,0
920,1,17,6.24,10.0,0,3,1,0,0,0,4583,0.15,4,18,2,1,0,0,1,0,0,1
921,1,21,6.2,5.0,0,7,3,0,1,1,19002,10.5,2,13,3,1,0,0,0,1,0,0
922,1,17,4.86,10.0,0,3,1,0,0,0,1922,0.45,4,20,4,0,0,1,1,0,0,1
923,1,22,6.34,8.0,0,8,3,1,0,1,21245,5.3,12,28,5,1,0,0,1,0,0,0
924,0,20,5.03,4.0,0,2,3,1,0,0,6612,0.4,2,11,2,0,1,0,1,0,0,1
925,0,22,7.9,7.0,0,6,4,1,0,0,8632,0.5,11,2,5,0,0,1,1,0,0,1
926,1,20,5.46,9.0,0,5,3,1,0,1,20143,1.6,2,16,0,1,0,0,1,0,0,0
927,1,22,7.94,10.0,0,4,2,1,0,0,16319,0.6,2,26,1,0,0,1,0,1,0,0
928,1,17,7.2,10.0,0,3,3,1,0,1,12002,7.9,10,21,6,1,0,0,0,0,1,0
929,0,24,4.27,7.0,0,2,2,1,0,0,6625,0.35,9,1,4,0,0,1,0,1,0,1
930,0,21,6.06,10.0,0,7,4,1,1,1,12744,5.5,6,21,5,1,0,0,1,0,0,0
931,1,20,4.93,5.0,0,0,0,0,0,0,16544,10.7,4,28,2,0,0,1,1,0,0,0
932,1,20,6.5,7.0,0,7,1,1,0,1,12013,7.7,8,7,5,0,1,0,0,1,0,0
933,0,19,4.9,9.0,4,10,3,0,1,0,7197,0.45,3,11,4,0,1,0,1,0,0,1
934,0,20,9.4,3.0,3,3,3,1,1,0,6720,0.15,10,16,5,0,0,1,1,0,0,1
935,1,17,7.08,7.0,0,5,4,1,0,1,14268,4.4,2,4,6,0,1,0,0,1,0,0
936,1,18,9.65,8.0,1,5,2,0,1,1,12986,6.8,6,4,6,1,0,0,0,0,1,0
937,1,21,7.09,5.0,0,3,2,1,0,1,20312,2.8,7,13,6,1,0,0,1,0,0,0
938,1,20,4.49,8.0,0,4,1,0,0,0,12939,9.8,9,19,6,1,0,0,1,0,0,0
939,1,17,6.3,8.0,0,0,2,1,0,0,18887,2.3,1,18,3,1,0,0,1,0,0,0
940,0,21,9.86,6.0,0,1,0,1,0,0,1962,0.35,3,4,1,0,0,1,0,1,0,1
941,1,19,5.03,6.0,0,3,3,0,0,1,18439,2.9,8,4,3,1,0,0,1,0,0,0
942,1,21,5.23,9.0,0,3,1,1,0,1,11588,10.5,7,9,2,0,1,0,1,0,0,0
943,1,19,7.16,8.0,0,10,0,0,0,1,11858,2.4,3,24,3,1,0,0,1,0,0,0
944,0,19,4.53,9.0,0,1,2,0,0,0,4749,0.45,6,18,5,1,0,0,0,0,1,1
945,1,18,7.17,4.0,4,10,4,0,1,0,6624,0.3,4,19,2,0,0,1,0,1,0,1
946,0,17,8.27,8.0,0,6,3,1,0,0,5718,0.2,11,19,0,0,1,0,1,0,0,1
947,0,19,5.8,3.0,0,7,4,1,0,1,8421,0.15,12,8,3,1,0,0,0,0,1,1
948,1,22,5.78,5.0,0,4,3,1,0,0,7451,0.3,2,15,4,0,0,1,1,0,0,1
949,1,20,4.33,9.0,0,10,3,0,0,0,4720,0.4,1,18,6,0,0,1,0,1,0,1
950,0,24,8.67,10.0,0,5,4,1,1,0,7940,0.45,9,18,0,0,0,1,1,0,0,1
951,0,20,8.09,6.0,0,2,4,0,0,0,7034,0.3,8,13,4,1,0,0,0,0,1,1
952,1,19,4.56,6.0,0,5,4,1,0,1,14368,3.3,12,22,3,1,0,0,1,0,0,0
953,0,20,6.77,9.0,0,0,1,0,0,1,17290,3.3,11,13,5,1,0,0,1,0,0,0
954,1,20,5.56,5.0,0,4,1,0,0,0,2500,0.3,11,20,5,0,0,1,0,1,0,1
955,0,21,7.88,9.0,0,15,4,0,0,0,8178,0.45,8,18,0,0,0,1,0,1,0,1
956,1,21,5.73,5.0,0,4,4,1,0,0,6787,0.2,10,27,0,0,0,1,0,1,0,1
957,1,17,8.83,4.0,0,2,3,0,0,1,17223,7.8,7,26,3,1,0,0,1,0,0,0
958,0,23,9.29,4.0,4,10,3,1,0,0,5506,0.3,5,6,6,0,0,1,1,0,0,1
959,1,20,8.5,6.0,0,4,4,0,0,1,19693,0.8,2,2,0,0,1,0,1,0,0,0
960,0,20,3.13,5.0,0,6,3,1,0,0,7407,0.5,8,12,3,1,0,0,0,0,1,1
961,1,18,6.413634840871022,10.0,0,7,3,0,1,1,3879,0.4,3,26,6,1,0,0,0,1,0,1
962,1,25,5.14,3.0,0,10,4,0,0,1,17161,6.6,8,3,1,0,0,1,1,0,0,0
963,1,23,7.2,9.0,0,3,3,0,0,0,5641,0.5,11,10,5,0,0,1,1,0,0,1
964,1,17,4.53,4.0,0,1,4,1,0,1,13569,10.6,2,9,4,1,0,0,1,0,0,0
965,1,17,4.35,6.0,0,0,4,0,0,0,12379,9.0,1,12,4,0,1,0,0,0,1,0
966,1,17,6.0,7.0,0,6,1,0,0,1,19968,0.7,8,13,0,1,0,0,0,1,0,0
967,0,20,6.56,7.0,0,4,1,0,0,0,4748,0.2,12,20,0,1,0,0,0,0,1,1
968,0,19,7.55,7.0,0,14,3,0,0,1,16794,7.9,3,3,3,1,0,0,1,0,0,0
969,0,17,6.324710920770878,3.0,0,3,1,0,0,0,5517,0.25,9,14,4,1,0,0,0,0,1,1
970,1,17,6.11,4.0,0,0,4,0,1,0,5082,0.5,10,7,6,0,1,0,1,0,0,1
971,0,19,7.26,3.0,0,7,3,1,0,0,4176,0.5,12,4,6,1,0,0,1,0,0,1
972,1,17,4.22,7.0,0,7,3,1,0,1,20151,9.6,1,11,3,1,0,0,1,0,0,0
973,0,20,7.91,5.0,0,3,0,1,1,0,1589,0.15,5,14,4,0,0,1,1,0,0,1
974,1,17,8.63,6.0,0,6,3,1,0,1,15859,2.3,6,10,6,1,0,0,1,0,0,0
975,1,20,4.8,9.0,0,14,2,0,0,1,20761,9.0,8,5,3,0,0,1,0,1,0,0
976,1,20,5.28,7.0,0,5,1,0,0,1,11252,1.9,4,14,2,1,0,0,1,0,0,0
977,0,26,5.77,10.0,0,0,1,1,0,0,3194,0.5,5,26,1,0,0,1,1,0,0,1
978,1,20,7.07,10.0,0,1,3,0,0,1,12080,6.4,12,11,5,1,0,0,1,0,0,0
979,0,19,4.65,5.0,0,9,0,1,0,0,17088,7.9,3,2,2,1,0,0,1,0,0,0
980,1,21,5.72,5.0,0,14,1,1,0,0,19954,0.5,6,18,2,1,0,0,1,0,0,0
981,0,22,3.16,7.0,0,13,0,0,0,1,1220,0.45,5,27,0,0,0,1,0,1,0,1
982,1,20,8.46,6.0,0,0,3,1,0,0,19655,0.5,5,3,0,0,1,0,1,0,0,0
983,1,17,8.16,8.0,0,3,3,0,0,1,12893,1.3,12,11,1,1,0,0,0,0,1,0
984,1,20,6.26,9.0,0,7,1,0,0,1,17780,5.6,10,2,5,1,0,0,1,0,0,0
985,0,19,7.02,6.0,0,4,4,1,1,1,19561,4.7,11,28,0,1,0,0,0,1,0,0
986,1,20,7.06,7.0,0,5,4,0,0,0,17604,7.0,11,13,5,1,0,0,1,0,0,0
987,1,19,6.86,6.0,0,6,4,1,0,0,13032,4.9,2,17,3,1,0,0,0,0,1,0
988,1,17,5.33,5.0,0,3,1,0,0,0,17575,1.7,1,8,0,1,0,0,0,0,1,0
989,1,17,8.74,9.0,0,1,0,0,0,1,19965,8.6,4,3,1,1,0,0,1,0,0,0
990,1,19,7.56,10.0,0,4,2,0,0,1,17642,4.7,8,19,4,0,1,0,1,0,0,0
991,1,22,7.15,4.0,0,9,2,1,0,1,13308,2.0,12,22,6,0,1,0,0,1,0,0
992,0,17,5.3,10.0,0,13,3,1,0,0,4603,0.2,12,8,5,1,0,0,0,0,1,1
993,0,21,6.73,3.0,0,2,4,0,0,0,4648,0.35,6,3,1,0,0,1,0,1,0,1
994,0,19,4.64,9.0,0,14,4,0,0,0,6890,0.35,5,9,0,1,0,0,0,0,1,1
995,0,24,6.91,7.0,0,5,4,0,0,0,4661,0.45,1,24,0,0,0,1,1,0,0,1
996,1,19,6.3,9.0,0,1,3,0,0,1,13276,5.5,2,11,4,1,0,0,0,1,0,0
997,1,17,6.27,3.0,0,0,0,0,0,0,16560,10.4,4,28,5,1,0,0,0,1,0,0
998,0,17,8.16,5.0,0,3,2,1,1,0,2012,0.15,10,6,5,1,0,0,1,0,0,1
999,1,21,6.25,7.0,0,1,3,0,0,1,18770,3.4,5,24,5,0,0,1,0,1,0,0
1000,0,20,9.33,10.0,0,10,2,1,0,0,4552,0.45,5,6,3,0,1,0,1,0,0,1
1001,0,18,4.52,8.0,0,3,4,1,0,1,6889,0.35,10,14,5,0,1,0,1,0,0,1
1002,1,17,7.84,9.0,0,3,4,1,0,1,20701,8.8,6,18,0,1,0,0,0,0,1,0
1003,0,21,7.37,5.0,0,4,3,0,0,0,3497,0.45,4,9,2,0,0,1,0,1,0,1
1004,1,20,5.51,10.0,0,5,4,0,0,1,13565,6.6,9,17,4,1,0,0,1,0,0,0
1005,1,17,5.58,10.0,0,2,2,0,0,1,12780,3.4,12,22,5,1,0,0,0,0,1,0
1006,0,19,6.46,5.0,0,0,1,1,1,1,1018,0.35,7,7,3,1,0,0,1,0,0,1
1007,1,19,5.22,3.0,0,7,3,0,0,1,13398,0.4,7,28,3,1,0,0,1,0,0,0
1008,0,17,4.13,6.0,4,10,3,0,0,0,3873,0.3,1,26,4,1,0,0,0,0,1,1
1009,1,22,6.23,8.0,0,15,3,0,0,1,15674,1.7,12,13,4,0,1,0,1,0,0,0
1010,1,20,8.44,9.0,0,1,0,1,0,1,18863,0.4,5,10,0,1,0,0,1,0,0,0
1011,1,21,6.324710920770878,5.0,0,7,1,0,0,0,17465,4.8,7,28,0,1,0,0,1,0,0,0
1012,1,23,4.25,7.0,0,0,0,0,0,0,2943,0.15,3,20,1,0,0,1,0,1,0,1
1013,0,17,6.413634840871022,4.0,0,12,3,1,1,1,21415,5.9,6,28,3,1,0,0,1,0,0,0
1014,1,17,5.66,3.0,0,4,2,0,0,0,15437,7.7,8,26,6,1,0,0,0,1,0,0
1015,1,22,5.66,3.0,0,5,0,0,0,1,18015,2.6,2,9,5,1,0,0,1,0,0,0
1016,1,20,3.19,8.0,0,2,2,1,0,1,16493,0.8,3,24,2,1,0,0,1,0,0,0
1017,1,20,9.69,10.0,0,7,4,1,0,0,19698,1.3,2,11,2,1,0,0,0,1,0,0
1018,1,20,4.34,4.0,0,5,3,0,0,0,12793,2.8,11,27,5,0,1,0,1,0,0,0
1019,0,20,7.1,10.0,0,5,2,1,0,1,18186,2.3,2,1,6,1,0,0,1,0,0,0
1020,1,22,3.31,4.0,0,3,3,1,1,0,15720,2.9,8,18,6,1,0,0,1,0,0,0
1021,0,21,5.92,5.0,0,7,1,1,0,0,5400,0.15,10,23,3,0,0,1,1,0,0,1
1022,1,24,7.62,6.0,0,7,4,0,1,0,7028,0.15,10,26,3,0,0,1,0,1,0,1
1023,1,20,3.98,10.0,0,6,3,0,0,1,20641,10.9,1,7,2,0,1,0,1,0,0,0
1024,1,22,4.73,4.0,0,3,3,1,0,0,3478,0.5,11,4,0,0,0,1,1,0,0,1
1025,1,20,6.12,7.0,3,1,4,0,0,1,19086,0.5,5,26,2,1,0,0,1,0,0,0
1026,1,17,7.78,8.0,0,7,0,0,0,1,426,0.3,12,22,5,0,0,1,1,0,0,1
1027,1,19,7.65,8.0,0,1,4,1,0,1,15806,1.6,3,21,0,1,0,0,1,0,0,0
1028,1,17,7.91,6.0,0,2,2,1,0,1,15516,1.4,1,8,0,0,0,1,1,0,0,0
1029,1,20,4.88,8.0,0,0,0,0,1,1,17959,4.0,11,27,5,0,1,0,1,0,0,0
1030,0,20,3.27,5.0,0,7,0,0,1,1,2357,0.45,9,28,1,0,0,1,0,1,0,1
1031,1,17,8.62,4.0,0,1,3,0,0,1,20231,4.6,10,18,3,1,0,0,0,1,0,0
1032,1,24,5.71,6.0,0,4,1,0,0,1,11421,6.7,7,3,0,1,0,0,1,0,0,0
1033,0,21,9.63,3.0,0,3,1,0,1,1,19978,10.5,3,10,0,1,0,0,1,0,0,0
1034,1,18,4.8,3.0,1,11,0,1,1,1,18160,2.7,2,5,6,1,0,0,1,0,0,0
1035,1,20,6.59,9.0,0,15,3,1,0,1,14780,0.3,8,7,5,1,0,0,1,0,0,0
1036,0,20,7.51,10.0,0,12,1,0,0,0,2805,0.4,9,10,4,0,0,1,1,0,0,1
1037,0,20,6.72,10.0,0,6,3,1,0,0,13494,10.7,6,15,1,1,0,0,1,0,0,0
1038,1,22,7.26,7.0,0,3,2,1,0,1,11534,4.3,3,15,4,0,0,1,1,0,0,0
1039,0,20,6.79,4.0,0,1,1,0,1,0,3660,0.45,4,28,2,1,0,0,1,0,0,1
1040,0,17,4.2,7.0,0,7,4,0,0,0,6664,0.5,5,1,1,1,0,0,0,0,1,1
1041,1,18,8.52,7.0,0,10,4,1,1,1,4796,0.2,3,23,3,1,0,0,0,1,0,1
1042,0,20,3.0,7.0,0,3,3,0,0,0,7263,0.4,4,15,3,0,1,0,1,0,0,1
1043,1,17,7.49,3.0,0,3,3,1,0,1,12966,10.6,2,22,3,1,0,0,1,0,0,0
1044,1,22,6.64,6.0,0,3,4,0,0,1,16778,1.0,6,23,6,0,1,0,1,0,0,0
1045,0,20,6.95,9.0,0,6,0,1,1,0,2074,0.35,8,6,4,1,0,0,1,0,0,1
1046,1,22,6.08,7.0,0,10,3,0,0,1,14123,5.9,4,19,4,0,0,1,0,1,0,0
1047,1,19,6.81,10.0,4,12,0,1,1,1,11237,5.8,6,11,5,1,0,0,1,0,0,0
1048,0,17,4.45,9.0,0,1,0,0,0,0,4436,0.3,5,16,2,0,0,1,0,1,0,1
1049,0,19,7.97,9.0,0,4,3,0,0,1,20997,1.3,12,24,5,1,0,0,1,0,0,0
1050,1,17,4.81,5.0,0,4,3,0,0,0,20236,0.3,12,1,5,1,0,0,1,0,0,0
1051,1,20,5.51,5.0,0,1,2,1,0,0,14084,8.8,12,16,3,1,0,0,0,1,0,0
1052,1,20,8.2,5.0,0,1,1,0,0,0,15212,8.3,4,7,2,1,0,0,1,0,0,0
1053,1,17,7.0,7.0,0,5,4,1,0,1,12553,5.6,7,28,5,1,0,0,0,1,0,0
1054,1,22,7.47,7.0,0,4,2,0,1,1,11218,3.3,12,21,5,1,0,0,1,0,0,0
1055,0,19,5.93,3.0,0,0,1,1,1,0,5402,0.5,3,2,2,0,1,0,1,0,0,1
1056,0,19,8.02,4.0,0,7,3,1,0,1,6972,0.15,9,24,5,0,1,0,1,0,0,1
1057,1,23,4.95,6.0,0,9,4,0,0,1,18694,6.4,2,8,3,0,0,1,0,1,0,0
1058,0,21,5.6,9.0,0,0,0,1,1,0,2474,0.2,8,6,2,0,1,0,1,0,0,1
1059,0,24,3.32,8.0,0,7,4,1,1,1,6819,0.25,3,8,2,0,0,1,0,1,0,1
1060,1,20,8.11,10.0,0,2,4,0,0,0,15111,3.0,1,23,4,0,1,0,1,0,0,0
1061,1,21,6.47,9.0,0,2,1,1,1,0,3071,0.2,4,5,5,0,0,1,0,1,0,1
1062,0,19,8.11,6.0,0,7,4,1,0,0,5626,0.25,11,7,0,0,0,1,1,0,0,1
1063,1,17,6.45,5.0,0,7,4,0,0,1,14074,4.6,9,4,1,1,0,0,0,0,1,0
1064,0,20,3.41,9.0,0,4,1,0,1,0,4649,0.45,12,19,6,0,0,1,0,1,0,1
1065,1,22,5.55,7.0,0,0,3,1,0,1,20185,8.4,7,25,3,0,1,0,1,0,0,0
1066,0,19,6.22,7.0,0,10,2,0,1,0,4514,0.3,3,9,2,0,1,0,1,0,0,1
1067,1,19,7.85,8.0,4,14,3,1,0,1,15728,1.6,2,22,1,1,0,0,1,0,0,0
1068,0,17,4.47,5.0,2,1,0,0,1,1,10439,7.4,8,25,5,1,0,0,1,0,0,0
1069,1,22,3.21,3.0,0,6,4,0,0,1,19650,9.6,4,17,2,0,1,0,1,0,0,0
1070,1,21,3.83,6.0,0,0,3,0,0,1,20168,4.5,10,24,4,0,1,0,1,0,0,0
1071,1,17,5.87,4.0,0,9,4,0,0,1,16548,8.3,3,13,1,0,0,1,1,0,0,0
1072,1,18,6.29,10.0,0,7,1,1,1,0,3218,0.45,7,14,4,1,0,0,1,0,0,1
1073,1,24,9.54,7.0,0,0,3,1,0,1,20238,2.3,1,26,2,0,1,0,0,0,1,0
1074,1,18,7.53,10.0,0,8,2,0,1,0,2052,0.5,4,20,3,0,1,0,1,0,0,1
1075,1,21,6.29,8.0,0,1,3,1,0,1,15064,9.6,11,13,3,1,0,0,1,0,0,0
1076,1,18,3.0,7.0,0,15,4,0,1,0,8255,0.2,7,26,2,0,0,1,0,1,0,1
1077,0,19,5.06,3.0,0,2,4,1,0,0,15059,4.3,2,24,3,1,0,0,1,0,0,0
1078,1,20,7.68,3.0,0,7,2,0,0,1,18613,6.3,8,27,4,0,1,0,1,0,0,0
1079,0,17,4.81,9.0,0,2,0,1,0,0,4204,0.15,8,12,6,1,0,0,1,0,0,1
1080,0,17,6.46,6.0,0,5,3,0,0,0,3011,0.2,12,9,6,1,0,0,0,0,1,1
1081,1,17,8.25,4.0,0,7,3,1,1,1,7247,0.45,11,4,6,1,0,0,1,0,0,1
1082,1,22,8.66,5.0,0,10,3,0,0,0,6436,0.45,9,27,4,0,0,1,0,1,0,1
1083,0,18,4.56,7.0,0,2,3,1,1,0,7458,0.4,11,10,4,0,1,0,1,0,0,1
1084,1,20,7.15,5.0,0,0,3,1,0,1,19957,1.0,7,4,6,0,1,0,1,0,0,0
1085,1,17,5.15,8.0,0,4,0,0,0,1,17395,8.5,11,26,0,0,0,1,0,1,0,0
1086,0,21,5.67,7.0,0,5,1,1,0,0,1642,0.25,12,1,0,1,0,0,0,0,1,1
1087,1,20,6.89,4.0,0,4,3,0,0,1,14762,7.4,2,26,3,0,1,0,1,0,0,0
1088,0,21,5.89,3.0,0,5,3,0,0,0,5589,0.25,10,11,5,0,0,1,0,1,0,1
1089,1,20,7.57,7.0,0,0,4,0,0,1,21538,3.8,12,6,0,1,0,0,1,0,0,0
1090,1,21,5.47,5.0,0,1,1,1,0,1,14989,7.9,10,6,0,1,0,0,1,0,0,0
1091,1,17,4.92,3.0,0,5,1,0,0,0,10781,10.3,10,2,1,1,0,0,1,0,0,0
1092,1,19,6.02,3.0,0,6,0,0,0,0,13166,3.9,7,16,5,0,1,0,1,0,0,0
1093,0,24,3.57,6.0,0,5,2,0,0,0,5619,0.3,2,3,3,0,1,0,1,0,0,1
1094,0,21,3.71,5.0,1,0,4,0,1,1,17559,5.4,4,12,5,1,0,0,1,0,0,0
1095,1,22,9.68,5.0,0,3,3,0,0,0,16411,8.7,4,25,3,0,0,1,1,0,0,0
1096,0,17,8.12,7.0,0,2,1,1,0,0,5476,0.25,10,12,4,1,0,0,0,0,1,1
