,SEX,ATTENDS LECTURES,CHARACTER,GRAMS / MONTH,ADMISSION_MODE_BITSAT,ADMISSION_MODE_DASA,BOARD_STUDIED_CBSE,BOARD_STUDIED_ICSE,exactly 18yo,CompiledCGPA,CLUB/DEPARTMENT_0,CLUB/DEPARTMENT_1,CLUB/DEPARTMENT_2,CLUB/DEPARTMENT_3,CLUB/DEPARTMENT_4,GPL
0,1,0,1,0.4470046082949309,1,0,1,0,0,1.0280722416536792,1,0,0,0,0,0
1,0,0,0,0.004608294930875578,0,1,0,1,0,1.0853872037149823,1,0,0,0,0,1
2,0,0,0,0.013824884792626727,1,0,1,0,0,-0.7092875458295914,1,0,0,0,0,1
3,0,0,0,0.004608294930875578,0,1,1,0,0,-0.04585903463621131,1,0,0,0,0,1
4,1,0,1,0.7695852534562212,1,0,1,0,0,0.5982100261939011,1,0,0,0,0,0
5,1,0,1,0.04147465437788018,1,0,0,0,0,0.18984092150711143,1,0,0,0,0,0
6,1,0,1,0.4009216589861751,0,1,1,0,0,0.5516416195190914,1,0,0,0,0,0
7,1,1,1,0.9815668202764978,1,0,1,0,0,-1.4042314608229,0,0,0,1,0,0
8,0,1,1,0.02304147465437788,1,0,1,0,0,-0.7415272119890748,1,0,0,0,0,1
9,0,0,0,0.02764976958525346,0,0,0,1,0,0.49790884258661966,1,0,0,0,0,1
10,0,1,0,0.02304147465437788,1,0,1,0,0,-1.0388485776820882,1,0,0,0,0,1
11,0,0,0,0.03225806451612903,0,1,1,0,0,-0.26605986652778646,1,0,0,0,0,1
12,1,0,1,0.6221198156682027,1,0,1,0,0,-0.7880956186638843,1,0,0,0,0,0
13,1,1,1,0.9907834101382489,1,0,1,0,0,0.15532113751018062,1,0,0,0,0,0
14,0,0,1,0.24423963133640553,1,0,1,0,0,0.007149479936705727,1,0,0,0,0,0
15,0,0,0,0.0,0,0,1,0,0,0.19700529176477488,1,0,0,0,0,1
16,1,1,1,0.4930875576036866,1,0,0,0,0,-0.47644551245554473,0,1,0,0,0,0
17,1,0,0,0.02304147465437788,0,0,1,0,0,1.5940574920090538,1,0,0,0,0,1
18,0,0,1,0.21658986175115208,1,0,1,0,0,1.1355377955186232,1,0,0,0,0,0
19,0,0,0,0.0,1,0,0,1,0,-0.08956951854174423,1,0,0,0,0,1
20,1,0,1,0.6221198156682027,0,0,1,0,0,1.393455124794491,0,0,1,0,0,0
21,1,0,0,0.02764976958525346,0,0,1,0,0,-0.14688448060304807,1,0,0,0,0,1
22,0,0,1,0.009216589861751152,1,0,0,0,0,2.3319876285483407,1,0,0,0,0,1
23,1,0,0,0.013824884792626727,0,1,1,0,0,0.003567294807874318,1,0,0,0,0,1
24,0,1,1,0.07834101382488479,1,0,1,0,1,0.5982100261939011,0,0,0,1,0,0
25,0,1,0,0.03225806451612903,1,0,1,0,0,0.3116352158873819,1,0,0,0,0,1
26,1,0,1,0.4377880184331797,1,0,0,1,0,1.203599312966422,1,0,0,0,0,0
27,1,1,1,0.7972350230414748,0,1,1,0,0,0.4907444723289562,0,0,0,1,0,0
28,0,0,0,0.004608294930875578,1,0,0,0,0,-0.490774252970871,1,0,0,0,0,1
29,1,0,1,0.4009216589861751,1,0,1,0,0,-0.6591369540259504,1,0,0,0,0,0
30,1,0,1,0.9723502304147464,0,1,0,1,0,1.229976676159627,1,0,0,0,0,0
31,0,0,0,0.004608294930875578,0,1,0,1,0,-0.32241155191579096,1,0,0,0,0,1
32,0,0,1,0.03225806451612903,1,0,0,0,0,0.2650668092125723,1,0,0,0,0,1
33,1,0,1,0.6129032258064516,0,0,1,0,0,-0.4262949206519044,1,0,0,0,0,0
34,1,0,0,0.21658986175115208,0,1,0,1,0,0.23999151331075244,1,0,0,0,0,0
35,1,0,1,0.15207373271889402,0,1,1,0,0,-0.3080828114004647,1,0,0,0,0,0
36,1,0,0,0.018433179723502304,1,0,0,1,0,-1.7660321588348795,1,0,0,0,0,1
37,1,0,1,0.8525345622119817,1,0,1,0,0,-0.3618155883329377,1,0,0,0,0,0
38,0,0,1,0.1152073732718894,1,0,1,0,0,-0.3045006262716339,0,0,0,0,1,0
39,0,0,1,0.018433179723502304,1,0,0,1,0,-0.34748684781761147,1,0,0,0,0,1
40,0,0,1,0.3548387096774194,1,0,1,0,0,1.117626869874467,1,0,0,0,0,0
41,0,0,1,0.6774193548387096,0,0,1,0,0,-0.24718566421033006,1,0,0,0,0,0
42,1,0,1,0.4838709677419355,1,0,0,1,0,1.590475306880223,1,0,0,0,0,0
43,0,1,0,0.02304147465437788,0,0,0,1,0,0.6411962477398786,1,0,0,0,0,1
44,0,0,0,0.02764976958525346,1,0,0,0,0,-1.6585666049699352,1,0,0,0,0,1
45,1,0,0,0.695852534562212,1,0,1,0,0,-0.4477880314248928,1,0,0,0,0,0
46,1,0,1,0.8894009216589862,1,0,0,0,0,-1.5403544957184963,1,0,0,0,0,0
47,0,0,0,0.02304147465437788,1,0,0,0,0,-0.9707870602342901,1,0,0,0,0,1
48,1,0,1,0.12442396313364057,1,0,0,1,0,0.029097322203883835,0,0,0,0,1,0
49,0,0,1,0.8617511520737328,1,0,1,0,0,-1.214375648994831,1,0,0,0,0,0
50,1,1,1,0.23502304147465441,1,0,1,0,1,1.5618178258495705,0,1,0,0,0,0
51,1,0,1,0.1152073732718894,1,0,1,0,0,0.21849840253776334,1,0,0,0,0,0
52,0,0,0,0.009216589861751152,0,1,0,1,0,-1.504532644430181,1,0,0,0,0,1
53,0,0,0,0.02304147465437788,0,0,1,0,0,0.433429510267653,1,0,0,0,0,1
54,1,1,1,0.7695852534562212,0,1,0,1,0,-0.08240514828408142,1,0,0,0,0,0
55,1,0,0,0.03225806451612903,0,1,1,0,0,0.48358010207129337,1,0,0,0,0,1
56,0,0,0,0.004608294930875578,0,0,1,0,0,-1.7839430844790372,1,0,0,0,0,1
57,1,0,1,0.9539170506912442,1,0,0,1,0,-1.8520046019268352,1,0,0,0,0,0
58,0,1,0,0.03225806451612903,0,0,1,0,1,1.53674252994775,1,0,0,0,0,1
59,1,0,1,0.6589861751152073,1,0,0,1,0,0.8382164298256105,1,0,0,0,0,0
60,1,0,1,0.6866359447004607,0,1,1,0,0,-0.4513702165537249,1,0,0,0,0,0
61,1,1,1,0.5668202764976958,1,0,1,0,0,0.5946278410650696,0,0,0,1,0,0
62,1,0,1,0.5668202764976958,0,1,0,1,0,-1.225122204381326,1,0,0,0,0,0
63,1,1,0,0.009216589861751152,1,0,0,1,0,1.7624201930641332,1,0,0,0,0,1
64,0,0,0,0.013824884792626727,0,0,1,0,0,-1.33258775824627,1,0,0,0,0,1
65,1,0,1,0.5760368663594471,1,0,1,0,0,0.9671750944635438,1,0,0,0,0,0
66,0,1,0,0.013824884792626727,1,0,1,0,0,1.7946598592236178,0,1,0,0,0,1
67,1,0,1,0.935483870967742,1,0,1,0,0,-0.5301782893880171,0,0,0,0,1,0
68,1,0,1,0.7603686635944701,0,0,1,0,0,0.90986013240224,1,0,0,0,0,0
69,1,0,1,0.8064516129032259,0,0,1,0,0,-0.5051029934861967,1,0,0,0,0,0
70,1,0,1,0.5944700460829493,1,0,0,1,0,0.36895017794868573,1,0,0,0,0,0
71,1,0,0,0.013824884792626727,1,0,1,0,0,-0.45495240168255563,1,0,0,0,0,1
72,1,0,1,0.4009216589861751,1,0,1,0,0,0.9062779472734086,1,0,0,0,0,0
73,1,0,1,0.5391705069124424,1,0,1,0,0,0.18625873637828003,1,0,0,0,0,0
74,1,0,1,0.5944700460829493,1,0,1,0,0,1.2394211642547361,1,0,0,0,0,0
75,1,1,0,0.03225806451612903,0,0,1,0,0,-0.2794253303698134,1,0,0,0,0,1
76,0,0,1,0.02764976958525346,1,0,1,0,0,-0.63406165812413,1,0,0,0,0,1
77,1,0,1,0.5207373271889401,1,0,1,0,0,0.45134043591181006,1,0,0,0,0,0
78,1,0,0,0.009216589861751152,1,0,1,0,0,-1.2466153151543142,1,0,0,0,0,1
79,0,0,1,0.004608294930875578,1,0,0,0,0,-0.6806300647989395,1,0,0,0,0,1
80,1,0,1,0.06912442396313365,0,1,1,0,0,-0.06807640776875579,1,0,0,0,0,0
81,0,0,0,0.02304147465437788,0,0,1,0,0,1.1462843509051182,1,0,0,0,0,1
82,0,0,0,0.03225806451612903,1,0,1,0,0,-2.0597713393990613,0,0,0,1,0,1
83,1,1,1,0.41935483870967744,1,0,1,0,0,-1.0352663925532566,1,0,0,0,0,0
84,1,0,1,0.1152073732718894,1,0,1,0,0,-1.282437166442629,1,0,0,0,0,0
85,0,1,0,0.02764976958525346,0,1,1,0,0,-0.7558559525044004,0,0,0,1,0,1
86,1,0,1,0.1152073732718894,1,0,1,0,0,0.41551858462349534,1,0,0,0,0,0
87,1,0,1,0.13364055299539174,1,0,1,0,0,-1.2287043895101566,1,0,0,0,0,0
88,1,0,1,0.9078341013824884,1,0,1,0,0,-0.0071792605786199105,1,0,0,0,0,0
89,1,0,1,0.5391705069124424,0,1,1,0,0,0.28297773485673,1,0,0,0,0,0
90,1,1,1,0.1152073732718894,1,0,1,0,0,2.056159373628315,1,0,0,0,0,0
91,1,0,1,0.1152073732718894,1,0,1,0,0,0.8704560959850939,1,0,0,0,0,0
92,1,0,1,0.19815668202764977,1,0,1,0,0,-0.80242435917921,1,0,0,0,0,0
94,1,1,0,0.03225806451612903,0,1,0,1,0,-1.6800597157429245,1,0,0,0,0,1
95,0,1,0,0.02304147465437788,0,0,1,0,0,0.6555249882552042,1,0,0,0,0,1
96,1,0,1,0.7603686635944701,0,0,1,0,0,0.05730007174034673,1,0,0,0,0,0
97,0,0,1,0.15207373271889402,1,0,1,0,0,0.47999791694246197,1,0,0,0,0,0
98,1,0,1,0.9539170506912442,1,0,1,0,0,1.1462843509051182,0,0,1,0,0,0
99,1,1,1,0.880184331797235,0,1,1,0,0,-0.9349652089459747,1,0,0,0,0,0
100,1,0,1,0.04147465437788018,1,0,1,0,0,-1.7839430844790372,1,0,0,0,0,0
101,1,0,1,0.9907834101382489,1,0,1,0,0,-0.31524718165812815,0,0,0,0,1,0
102,1,0,1,0.2903225806451613,1,0,1,0,0,2.120638705947282,1,0,0,0,0,0
103,0,0,0,0.02764976958525346,1,0,1,0,0,-1.1534785018046958,1,0,0,0,0,1
104,1,0,1,0.02764976958525346,1,0,1,0,0,0.6913468395435196,1,0,0,0,0,1
105,1,0,0,0.05069124423963133,1,0,1,0,0,-0.4979386232285338,1,0,0,0,0,0
106,0,0,1,0.02304147465437788,1,0,0,0,0,0.007149479936705727,1,0,0,0,0,1
107,1,0,1,0.5852534562211982,0,1,1,0,0,0.44059388052531584,1,0,0,0,0,0
108,0,0,1,0.8064516129032259,1,0,0,1,0,-0.6268972878664671,1,0,0,0,0,0
109,1,0,1,0.9078341013824884,1,0,1,0,0,0.9456819836905553,1,0,0,0,0,0
110,0,0,1,0.07834101382488479,1,0,1,0,0,0.7056755800588452,1,0,0,0,0,0
111,0,0,1,0.511520737327189,1,0,0,1,0,-1.1893003530930104,1,0,0,0,0,0
112,1,0,1,0.9078341013824884,1,0,1,0,0,-0.12180918470122756,1,0,0,0,0,0
114,1,0,1,0.8709677419354839,0,0,1,0,0,0.7880658380219695,1,0,0,0,0,0
115,1,1,0,0.5299539170506913,0,1,0,1,0,1.2859895709295464,1,0,0,0,0,0
116,0,1,1,0.14285714285714288,1,0,1,0,0,0.6340318774822158,0,1,0,0,0,0
117,1,0,1,0.751152073732719,0,0,1,0,0,-0.10389825905706987,0,0,0,0,1,0
118,1,0,1,0.4838709677419355,1,0,1,0,0,0.16476562560529157,1,0,0,0,0,0
119,1,0,1,0.7972350230414748,0,0,0,1,0,-0.45495240168255563,1,0,0,0,0,0
120,0,0,0,0.0,0,0,1,0,0,0.7809014677643067,1,0,0,0,0,1
121,1,1,1,0.3548387096774194,0,1,1,0,0,-0.6985409904430966,1,0,0,0,0,0
122,1,0,0,0.03225806451612903,1,0,0,1,1,0.46566917642713634,1,0,0,0,0,1
123,1,0,1,0.23502304147465441,1,0,0,0,0,0.007149479936705727,1,0,0,0,0,0
124,1,0,0,0.018433179723502304,1,0,1,0,0,-0.5910754365781524,1,0,0,0,0,1
125,0,1,1,0.009216589861751152,1,0,0,1,0,1.2501677196412309,1,0,0,0,0,1
126,1,0,1,0.5852534562211982,1,0,1,0,0,-0.6089863622223094,1,0,0,0,0,0
127,1,0,1,0.16129032258064516,1,0,0,1,0,-1.0997457248722233,1,0,0,0,0,0
128,1,0,0,0.9078341013824884,1,0,1,0,0,-1.1284032059028752,1,0,0,0,0,0
129,0,0,0,0.7972350230414748,1,0,1,0,0,-1.95947015579178,1,0,0,0,0,0
130,0,0,0,0.013824884792626727,0,0,1,0,0,-0.5516714001610056,1,0,0,0,0,1
131,1,0,0,0.9447004608294931,0,0,1,0,0,0.32596395640270814,1,0,0,0,0,0
132,1,0,1,0.7235023041474654,0,0,0,1,0,-0.5480892150321748,1,0,0,0,0,0
133,0,1,0,0.009216589861751152,0,1,1,0,0,-0.6985409904430966,1,0,0,0,0,1
134,1,0,1,0.17050691244239632,0,1,1,0,0,0.44059388052531584,1,0,0,0,0,0
135,1,0,1,0.7695852534562212,1,0,1,0,0,-0.7021231755719286,1,0,0,0,0,0
136,1,0,1,0.5668202764976958,0,1,0,1,0,0.8095589487949586,1,0,0,0,0,0
137,0,1,1,0.9078341013824884,1,0,0,1,0,-1.6908062711294187,1,0,0,0,0,0
138,0,0,0,0.03225806451612903,1,0,1,0,0,-1.3648274244057534,1,0,0,0,0,1
139,0,0,0,0.03225806451612903,1,0,1,0,0,0.42268295488115815,1,0,0,0,0,1
140,1,0,1,0.6129032258064516,1,0,0,0,0,0.1325259594458076,1,0,0,0,0,0
141,1,0,1,0.24423963133640553,0,0,1,0,0,0.13969032970347042,1,0,0,0,0,0
142,1,1,0,0.21658986175115208,0,0,1,0,0,-2.5003801102453345,1,0,0,0,0,0
143,1,0,0,0.013824884792626727,1,0,1,0,0,-0.6949588053142658,1,0,0,0,0,1
144,0,1,1,0.02304147465437788,1,0,1,0,1,-0.5516714001610056,0,0,0,0,1,0
145,1,1,1,0.4009216589861751,0,0,1,0,0,0.383278918464012,1,0,0,0,0,0
146,1,0,1,0.8709677419354839,0,0,1,0,0,-0.5611158882561159,1,0,0,0,0,0
147,1,0,0,0.391705069124424,0,0,1,0,0,-2.349928334834412,1,0,0,0,0,0
148,0,0,1,0.03225806451612903,0,1,1,0,0,-0.870485876627008,1,0,0,0,0,1
149,1,0,1,0.5944700460829493,1,0,1,0,0,-1.400649275694068,1,0,0,0,0,0
150,1,1,1,0.935483870967742,1,0,1,0,0,0.09670410815749288,1,0,0,0,0,0
151,1,0,1,0.04147465437788018,1,0,1,0,0,2.374973850094318,1,0,0,0,0,0
152,1,1,1,0.6221198156682027,0,1,0,1,0,-1.2466153151543142,1,0,0,0,0,0
153,0,0,0,0.013824884792626727,1,0,0,0,0,-0.5015208083573652,1,0,0,0,0,1
154,1,0,1,0.8709677419354839,1,0,1,0,0,-0.2364391088238352,1,0,0,0,0,0
155,1,0,1,0.8525345622119817,1,0,1,0,0,-1.2358687597678202,1,0,0,0,0,0
156,1,1,1,0.4746543778801843,1,0,1,0,0,-0.3582334032041057,0,0,1,0,0,0
157,1,1,0,0.8709677419354839,1,0,1,0,0,-0.8167530996945362,1,0,0,0,0,0
158,0,0,1,0.03225806451612903,0,0,1,0,0,2.0955634100454614,1,0,0,0,0,1
159,1,0,1,0.4101382488479262,1,0,1,0,0,1.307482681702536,1,0,0,0,0,0
160,1,0,1,0.8986175115207373,1,0,1,0,0,1.307482681702536,1,0,0,0,0,0
161,1,1,1,0.38248847926267276,1,0,1,0,0,-0.0071792605786199105,0,1,0,0,0,0
162,1,1,0,0.013824884792626727,1,0,1,0,1,-0.03583674160927246,1,0,0,0,0,1
163,0,1,0,0.03225806451612903,0,1,1,0,0,-0.15763103598954292,1,0,0,0,0,1
164,0,1,1,0.5852534562211982,1,0,1,0,0,-0.34748684781761147,1,0,0,0,0,0
165,1,0,1,0.5760368663594471,0,1,1,0,0,0.08237536764216724,1,0,0,0,0,0
166,1,0,1,0.16129032258064516,1,0,1,0,0,0.15532113751018126,1,0,0,0,0,0
167,1,0,1,0.5299539170506913,0,1,1,0,0,-0.9134720981729862,1,0,0,0,0,0
168,1,1,1,0.7788018433179723,1,0,0,0,0,0.9671750944635438,0,1,0,0,0,0
169,0,1,0,0.02764976958525346,1,0,1,0,0,-0.8633215063693452,1,0,0,0,0,1
170,1,0,0,0.2903225806451613,1,0,1,0,0,-1.50095045930135,1,0,0,0,0,0
171,1,0,0,0.8525345622119817,0,1,0,1,0,-0.19345288727785703,1,0,0,0,0,0
172,1,1,1,0.33640552995391704,1,0,1,0,0,-0.5516714001610056,1,0,0,0,0,0
173,1,1,1,0.1152073732718894,1,0,1,0,0,1.0818050185861514,0,0,0,1,0,0
174,0,0,1,0.6589861751152073,0,1,0,1,0,0.8717581632764778,1,0,0,0,0,0
175,1,0,1,0.4838709677419355,0,0,1,0,0,-0.8919789873999971,1,0,0,0,0,0
176,1,0,1,0.4838709677419355,1,0,1,0,0,0.10745066354398773,1,0,0,0,0,0
177,1,0,1,0.33640552995391704,0,0,0,1,0,-1.167807242320022,1,0,0,0,0,0
178,1,1,1,0.07834101382488479,1,0,1,0,1,0.35103925230452865,0,1,0,0,0,0
179,1,1,0,0.03225806451612903,0,0,1,0,0,-0.48719206784203895,0,0,0,0,1,1
180,0,1,0,0.0,1,0,1,0,0,-0.7809312484062209,1,0,0,0,0,1
181,1,0,1,0.41935483870967744,0,1,1,0,0,1.10329812935914,1,0,0,0,0,0
182,0,0,1,0.03225806451612903,1,0,0,0,0,0.053717886611515324,1,0,0,0,0,1
183,1,0,0,0.009216589861751152,0,1,1,0,0,-0.2292747385661724,1,0,0,0,0,1
184,1,1,0,0.22580645161290325,1,0,0,0,0,-1.7911074547367,1,0,0,0,0,0
185,1,0,1,0.9631336405529953,1,0,1,0,0,-0.3689799585906005,1,0,0,0,0,0
186,0,0,0,0.0,0,0,1,0,0,-1.7087171967735757,1,0,0,0,0,1
187,1,0,0,0.8617511520737328,0,0,1,0,0,1.3146470519601976,1,0,0,0,0,0
188,0,0,0,0.0,1,0,1,0,0,0.09312192302866146,1,0,0,0,0,1
189,1,1,1,0.02304147465437788,0,0,1,0,0,-0.22211036830850958,1,0,0,0,0,1
190,0,0,0,0.013824884792626727,0,1,0,1,0,1.8806323023155729,0,0,1,0,0,1
191,0,0,0,0.018433179723502304,0,1,0,1,0,-0.6161507324799729,1,0,0,0,0,1
192,1,0,1,0.16129032258064516,1,0,0,0,0,0.042971331225020455,1,0,0,0,0,0
193,1,1,1,0.7235023041474654,1,0,1,0,0,2.038248447984159,1,0,0,0,0,0
194,0,0,1,0.03225806451612903,1,0,0,0,0,-0.44062366116723,1,0,0,0,0,1
195,0,0,0,0.2534562211981567,0,0,1,0,0,0.2077518471512685,1,0,0,0,0,0
196,1,0,1,0.42857142857142855,1,0,1,0,0,0.5135396503933292,1,0,0,0,0,0
197,1,0,0,0.4377880184331797,1,0,1,0,0,-0.6197329176088043,1,0,0,0,0,0
198,1,0,1,0.5852534562211982,1,0,0,1,0,-0.9349652089459747,1,0,0,0,0,0
199,1,0,0,0.013824884792626727,1,0,1,0,0,0.12346694309216746,1,0,0,0,0,1
200,0,1,1,0.8709677419354839,1,0,1,0,0,-1.5833407172644738,1,0,0,0,0,0
201,1,0,0,0.815668202764977,1,0,1,0,0,1.207181498095254,1,0,0,0,0,0
202,1,0,0,0.0,1,0,0,1,0,-1.69438845625825,1,0,0,0,0,1
203,0,0,0,0.009216589861751152,1,0,0,0,0,0.8274698744391157,1,0,0,0,0,1
204,1,0,0,0.02304147465437788,0,1,0,1,0,0.10648738687068839,1,0,0,0,0,1
205,1,0,1,0.2995391705069125,1,0,1,0,0,1.203599312966422,1,0,0,0,0,0
206,0,0,1,0.0,0,0,1,0,0,1.6692833797145155,1,0,0,0,0,1
207,1,0,0,0.14285714285714288,1,0,1,0,0,0.42268295488115815,1,0,0,0,0,0
208,1,0,1,0.7788018433179723,0,0,1,0,0,1.1856883873222643,1,0,0,0,0,0
209,1,0,1,0.8433179723502304,1,0,0,0,0,-0.9278008386883119,1,0,0,0,0,0
210,0,0,1,0.018433179723502304,0,1,0,1,0,0.5337306938749338,1,0,0,0,0,1
211,0,0,0,0.02304147465437788,1,0,1,0,0,-0.637643843252962,1,0,0,0,0,1
212,1,0,1,0.5944700460829493,0,0,1,0,0,1.6657011945856846,1,0,0,0,0,0
213,0,0,0,0.02304147465437788,0,1,0,1,0,0.8525451703409361,1,0,0,0,0,1
214,1,0,1,0.14285714285714288,0,0,1,0,0,0.8095589487949586,1,0,0,0,0,0
215,1,0,0,0.03225806451612903,1,0,1,0,0,0.576716915420912,1,0,0,0,0,1
216,1,0,1,0.935483870967742,0,0,1,0,0,-1.3719917946634161,1,0,0,0,0,0
217,1,0,1,0.04147465437788018,1,0,1,0,0,0.007149479936705727,1,0,0,0,0,0
218,1,0,1,0.42857142857142855,1,0,1,0,0,1.20001712783759,1,0,0,0,0,0
219,1,0,0,0.02764976958525346,0,1,1,0,0,0.9564285390770496,1,0,0,0,0,1
220,1,0,1,0.7695852534562212,1,0,1,0,0,0.9922503903653643,1,0,0,0,0,0
221,1,0,0,0.02304147465437788,0,0,1,0,0,0.9743394647212067,1,0,0,0,0,1
222,1,0,1,0.8525345622119817,1,0,1,0,0,1.8483926361560896,0,0,1,0,0,0
223,1,0,0,0.2534562211981567,0,0,1,0,0,-0.7880956186638837,1,0,0,0,0,0
224,0,1,1,0.16129032258064516,1,0,1,0,0,0.6017922113227324,0,0,0,1,0,0
225,0,0,0,0.004608294930875578,0,1,1,0,0,0.8203055041814529,1,0,0,0,0,1
226,1,0,1,0.7142857142857143,1,0,1,0,0,-0.7880956186638837,1,0,0,0,0,0
227,1,0,0,0.41935483870967744,0,0,1,0,0,-0.8561571361116824,1,0,0,0,0,0
228,0,1,0,0.018433179723502304,1,0,1,0,1,1.7767489335794588,0,1,0,0,0,1
229,1,0,1,0.4930875576036866,0,0,1,0,0,0.7701549123778119,1,0,0,0,0,0
230,0,0,1,0.751152073732719,1,0,1,0,0,1.4937563084017718,1,0,0,0,0,0
231,1,0,0,0.7050691244239631,0,0,1,0,0,0.30088866050088764,1,0,0,0,0,0
232,0,1,1,0.004608294930875578,0,0,1,0,1,-0.16479540624720573,1,0,0,0,0,1
233,1,0,1,0.19815668202764977,0,0,1,0,0,1.117626869874467,1,0,0,0,0,0
234,1,0,0,0.8986175115207373,0,0,1,0,0,-1.1104922802587183,1,0,0,0,0,0
235,0,0,1,0.41935483870967744,1,0,0,1,0,0.7020933949300138,1,0,0,0,0,0
236,0,0,0,0.004608294930875578,1,0,0,0,0,-0.9564583197189644,1,0,0,0,0,1
237,1,0,1,0.03225806451612903,0,0,1,0,0,0.1289437743169762,1,0,0,0,0,0
238,1,0,1,0.05990783410138249,1,0,1,0,0,-0.26867877498331855,1,0,0,0,0,0
239,1,0,1,0.7972350230414748,1,0,0,1,0,-0.8883968022711657,1,0,0,0,0,0
240,1,0,1,0.05069124423963133,0,1,0,0,0,1.07822283345732,0,0,0,0,1,0
241,0,0,1,0.4746543778801843,1,0,1,0,0,-0.5445070299033428,1,0,0,0,0,0
242,0,1,1,0.03225806451612903,0,0,1,0,0,0.333128326660371,1,0,0,0,0,1
243,1,1,1,0.018433179723502304,0,1,1,0,0,0.6089565815803952,1,0,0,0,0,1
244,1,0,1,0.8986175115207373,0,0,1,0,0,-2.1421615973621857,1,0,0,0,0,0
245,1,0,0,0.21658986175115208,1,0,1,0,0,0.8238876893102849,1,0,0,0,0,0
246,0,1,1,0.9539170506912442,1,0,1,0,0,-0.8274996550810305,1,0,0,0,0,0
247,1,0,1,0.6682027649769585,0,1,1,0,0,1.4256947909539743,1,0,0,0,0,0
248,1,0,0,0.013824884792626727,1,0,1,0,0,0.616120951838058,1,0,0,0,0,0
249,0,1,1,0.02304147465437788,1,0,1,0,0,0.8955313918869143,1,0,0,0,0,0
250,0,1,1,0.009216589861751152,1,0,0,1,0,1.4256947909539743,1,0,0,0,0,1
251,0,0,0,0.009216589861751152,0,1,0,1,0,-0.04585903463621131,1,0,0,0,0,1
252,0,0,0,0.013824884792626727,0,1,1,0,0,-1.6872240860005872,1,0,0,0,0,1
253,0,0,0,0.009216589861751152,0,1,0,1,0,-1.2322865746389886,1,0,0,0,0,1
254,0,1,0,0.03225806451612903,0,0,1,0,0,1.4686810124999514,1,0,0,0,0,1
255,1,0,1,0.10599078341013826,1,0,0,0,0,-1.3003480920867867,1,0,0,0,0,0
256,1,1,1,0.013824884792626727,1,0,1,0,0,-0.6806300647989395,0,1,0,0,0,1
257,1,1,0,0.935483870967742,0,1,1,0,0,1.0818050185861514,1,0,0,0,0,0
258,1,0,1,0.8617511520737328,0,1,1,0,0,0.530148508746103,1,0,0,0,0,0
259,0,0,0,0.1152073732718894,1,0,0,0,0,-1.48903209570914e-05,1,0,0,0,0,0
260,1,0,1,0.5852534562211982,0,0,1,0,0,-0.4191305503942415,1,0,0,0,0,0
261,1,1,1,0.5944700460829493,1,0,1,0,0,-0.6125685473511415,0,1,0,0,0,0
262,1,0,0,0.02304147465437788,1,0,1,0,0,-1.1284032059028752,1,0,0,0,0,1
263,0,1,0,0.0,0,1,1,0,0,1.6728655648433461,1,0,0,0,0,1
264,0,0,0,0.03225806451612903,0,1,1,0,0,0.8203055041814529,1,0,0,0,0,1
265,1,0,1,0.6866359447004607,0,1,1,0,0,1.490174123272941,1,0,0,0,0,0
266,1,0,1,0.0,1,0,1,0,0,-0.2579322195968243,1,0,0,0,0,1
267,0,1,0,0.004608294930875578,0,0,1,0,0,1.257332089898895,1,0,0,0,0,1
268,1,1,1,0.9447004608294931,0,1,0,1,0,-0.48002769758437613,1,0,0,0,0,0
269,0,0,0,0.02304147465437788,1,0,0,0,0,-0.5480892150321748,1,0,0,0,0,1
270,0,0,0,0.0,0,1,1,0,0,1.590475306880223,1,0,0,0,0,1
271,0,0,0,0.7142857142857143,1,0,1,0,0,0.30088866050088764,1,0,0,0,0,0
272,1,0,1,0.5207373271889401,0,0,1,0,0,0.11819721893048132,1,0,0,0,0,0
273,1,1,0,0.8064516129032259,1,0,0,0,1,-0.4943564380997024,0,1,0,0,0,0
274,0,1,0,0.009216589861751152,1,0,1,0,0,-0.7630203227620639,1,0,0,0,0,1
275,1,0,1,0.16129032258064516,1,0,0,0,0,0.37253236307751714,1,0,0,0,0,0
276,1,0,1,0.5668202764976958,1,0,1,0,0,-1.3290055731174386,1,0,0,0,0,0
277,1,0,0,0.4746543778801843,1,0,1,0,0,-0.025090186222777595,1,0,0,0,0,0
278,1,0,0,0.03225806451612903,1,0,1,0,0,0.9026957621445771,1,0,0,0,0,1
279,1,0,1,0.03225806451612903,0,1,1,0,0,-0.3045006262716339,1,0,0,0,0,0
280,1,0,0,0.7788018433179723,1,0,0,1,0,-0.7952599889215471,1,0,0,0,0,0
281,1,0,0,0.03225806451612903,1,0,1,0,0,1.683612120229841,1,0,0,0,0,1
282,1,0,0,0.631336405529954,1,0,1,0,0,-0.2328569236950038,1,0,0,0,0,0
283,1,0,0,0.03225806451612903,0,0,1,0,0,-0.8454105807251875,1,0,0,0,0,1
284,0,0,0,0.009216589861751152,1,0,0,0,0,-1.1284032059028752,1,0,0,0,0,1
285,0,0,0,0.03225806451612903,0,1,1,0,0,0.5373128790037658,1,0,0,0,0,1
286,0,0,0,0.0,0,1,0,1,0,-0.44062366116723,1,0,0,0,0,1
287,1,0,1,0.6129032258064516,0,0,0,1,0,-2.1421615973621857,1,0,0,0,0,0
288,0,0,0,0.7788018433179723,1,0,1,0,0,-0.29375407088513905,1,0,0,0,0,0
289,1,0,1,0.8709677419354839,1,0,1,0,0,-0.6304794729952992,1,0,0,0,0,0
290,1,0,1,0.9078341013824884,0,1,0,1,0,-0.9421295792036382,1,0,0,0,0,0
291,1,0,1,1.0,1,0,0,1,0,0.712839950316508,1,0,0,0,0,0
292,0,1,1,0.05069124423963133,0,1,1,0,0,2.0633237438859795,1,0,0,0,0,0
293,1,0,0,0.009216589861751152,0,1,1,0,0,-2.0884288204297135,1,0,0,0,0,1
294,0,1,0,0.018433179723502304,0,1,0,1,0,1.590475306880223,1,0,0,0,0,1
295,0,0,0,0.0,1,0,0,0,0,-1.1570606869335271,1,0,0,0,0,1
296,1,0,0,0.009216589861751152,1,0,0,0,0,0.3080530307585505,0,0,0,0,1,1
297,1,0,1,0.4746543778801843,1,0,1,0,0,-0.8561571361116824,1,0,0,0,0,0
298,0,0,0,0.004608294930875578,0,0,0,0,0,0.39402547385050624,1,0,0,0,0,1
299,1,0,1,0.751152073732719,1,0,1,0,0,-0.4585345868113877,1,0,0,0,0,0
300,1,1,0,0.02304147465437788,0,1,1,0,0,-0.47644551245554473,1,0,0,0,0,1
301,0,0,0,0.009216589861751152,0,1,0,1,0,-1.2501975002831458,1,0,0,0,0,1
302,0,0,0,0.004608294930875578,0,1,0,1,0,0.6483606179975414,1,0,0,0,0,1
303,1,0,1,0.12442396313364057,0,0,0,1,0,0.6125387667092272,1,0,0,0,0,0
304,0,0,0,0.03225806451612903,0,1,0,1,0,-0.225692553437341,1,0,0,0,0,1
305,0,0,0,0.02304147465437788,0,1,0,1,0,-0.7594381376332324,1,0,0,0,0,1
306,0,1,0,0.009216589861751152,0,1,0,1,0,-1.06750605871274,0,0,0,0,1,1
307,0,1,1,0.38248847926267276,0,0,1,0,0,0.11819721893048132,1,0,0,0,0,0
308,1,0,0,0.9723502304147464,1,0,1,0,0,-0.7092875458295914,1,0,0,0,0,0
309,1,1,1,0.9907834101382489,0,0,1,0,0,-0.823917469952199,1,0,0,0,0,0
310,0,0,0,0.013824884792626727,1,0,1,0,0,-1.3094071084404275,1,0,0,0,0,1
311,0,0,0,0.009216589861751152,0,0,1,0,0,0.12346694309216746,1,0,0,0,0,1
312,1,0,1,0.12442396313364057,0,0,1,0,0,0.6232853220957209,1,0,0,0,0,0
313,0,1,0,0.03225806451612903,0,1,1,0,0,0.16834781073412233,1,0,0,0,0,1
314,0,1,1,0.02764976958525346,0,1,0,1,0,1.0710584631996567,1,0,0,0,0,1
315,1,0,1,0.7972350230414748,1,0,1,0,0,0.9922503903653643,1,0,0,0,0,0
316,1,0,1,0.4101382488479262,1,0,1,0,0,-1.4364711269823836,1,0,0,0,0,0
317,0,0,1,0.013824884792626727,0,0,0,0,0,-1.0101910966514362,1,0,0,0,0,1
318,0,1,0,0.02764976958525346,0,0,1,0,0,0.9779216498500387,1,0,0,0,0,1
319,0,0,0,0.03225806451612903,0,1,0,1,0,-0.784513433535053,1,0,0,0,0,1
320,1,0,1,0.21658986175115208,1,0,1,0,0,-0.8346640253386933,1,0,0,0,0,0
321,0,0,0,0.004608294930875578,0,0,1,0,0,-0.4943564380997024,1,0,0,0,0,1
322,0,1,0,0.03225806451612903,1,0,1,0,0,1.6334615284262,1,0,0,0,0,1
323,0,1,0,0.018433179723502304,0,1,0,1,0,0.3582036225621915,1,0,0,0,0,1
324,0,0,0,0.004608294930875578,1,0,0,0,0,-1.8448402316691723,0,0,0,0,1,1
325,1,0,0,0.3548387096774194,0,1,1,0,0,1.017325686267185,1,0,0,0,0,0
326,1,1,1,0.22580645161290325,0,1,1,0,0,1.3934551247944897,1,0,0,0,0,0
327,1,0,1,0.19815668202764977,1,0,1,0,0,0.37611454820634915,0,0,0,0,1,0
328,0,0,0,0.018433179723502304,0,1,1,0,0,-0.6161507324799729,1,0,0,0,0,1
329,1,0,1,0.3548387096774194,1,0,1,0,0,0.6053743964515639,1,0,0,0,0,0
330,1,0,1,0.02304147465437788,0,1,1,0,0,-1.2860193515714604,1,0,0,0,0,0
331,0,0,0,0.004608294930875578,0,1,0,1,0,0.6376140626110471,1,0,0,0,0,1
332,1,0,0,0.0,1,0,1,0,0,0.8453808000832733,1,0,0,0,0,1
333,1,0,1,0.013824884792626727,0,1,1,0,0,-0.6483903986394562,1,0,0,0,0,0
334,1,1,1,0.013824884792626727,0,0,1,0,0,0.007149479936705727,1,0,0,0,0,1
335,0,1,1,0.004608294930875578,0,1,1,0,0,-1.203629093608336,0,0,0,1,0,1
336,1,0,1,0.4746543778801843,0,0,1,0,0,1.00657913088069,1,0,0,0,0,0
337,1,0,0,0.9907834101382489,0,0,1,0,0,0.05013570148268328,1,0,0,0,0,0
338,1,0,0,0.10599078341013826,0,0,1,0,0,-1.7911074547367,1,0,0,0,0,0
339,0,0,0,0.03225806451612903,0,0,1,0,0,1.0029969457518593,1,0,0,0,0,1
340,0,0,0,0.013824884792626727,0,0,1,0,0,1.0531475375554995,1,0,0,0,0,1
341,0,0,0,0.02764976958525346,1,0,1,0,0,0.5910456559362376,1,0,0,0,0,1
342,1,1,0,0.018433179723502304,1,0,1,0,0,-1.1033279100010547,1,0,0,0,0,1
343,1,0,0,0.7050691244239631,1,0,1,0,0,0.9779216498500387,1,0,0,0,0,0
344,1,0,0,0.013824884792626727,1,0,1,0,0,-0.44062366116723,1,0,0,0,0,0
345,1,0,1,0.07834101382488479,0,1,1,0,0,-2.5003801102453345,1,0,0,0,0,0
346,1,1,0,0.6866359447004607,1,0,0,1,0,-0.32599373704462237,1,0,0,0,0,0
347,1,0,0,0.5760368663594471,1,0,1,0,0,-1.504532644430181,1,0,0,0,0,0
348,1,0,1,0.3087557603686636,1,0,0,1,0,0.7737370975066439,1,0,0,0,0,0
349,1,0,1,0.3271889400921659,1,0,1,0,0,-1.1534785018046958,1,0,0,0,0,0
350,0,1,0,0.02304147465437788,0,1,1,0,0,0.7809014677643067,1,0,0,0,0,1
351,0,0,1,0.5760368663594471,0,0,1,0,0,1.0316544267825105,1,0,0,0,0,0
352,0,0,0,0.0,1,0,0,0,0,0.36895017794868573,1,0,0,0,0,1
353,0,0,0,0.004608294930875578,1,0,0,0,0,-0.5158495488726915,1,0,0,0,0,1
354,1,1,1,0.631336405529954,1,0,1,0,0,-0.017925815965114774,1,0,0,0,0,0
355,1,0,1,0.4838709677419355,0,0,0,1,0,-0.10389825905706987,1,0,0,0,0,0
356,0,1,1,0.22580645161290325,1,0,0,1,0,-0.5194317340015229,1,0,0,0,0,0
357,1,0,1,0.5023041474654377,1,0,1,0,0,0.15401907021879668,1,0,0,0,0,0
358,1,0,0,0.8894009216589862,1,0,0,0,0,-0.4943564380997024,1,0,0,0,0,0
359,1,0,0,0.22580645161290325,1,0,1,0,0,-1.06750605871274,1,0,0,0,0,0
360,0,0,0,0.03225806451612903,0,1,0,1,0,-0.6448082135106248,1,0,0,0,0,1
361,0,0,0,0.013824884792626727,1,0,0,1,0,0.12346694309216683,1,0,0,0,0,1
362,0,0,0,0.0,1,0,0,0,0,0.6985112098011824,1,0,0,0,0,1
363,0,0,0,0.013824884792626727,0,1,0,1,0,0.6125387667092267,1,0,0,0,0,1
364,1,0,1,0.004608294930875578,0,1,0,1,0,-0.21494599805084674,1,0,0,0,0,1
365,1,0,1,0.2995391705069125,1,0,1,0,0,-1.6299091239392833,1,0,0,0,0,0
366,1,0,0,0.17050691244239632,1,0,1,0,0,-0.9600405048477952,1,0,0,0,0,0
367,1,0,0,0.7603686635944701,0,1,0,1,0,0.5946278410650696,1,0,0,0,0,0
368,0,1,1,0.5852534562211982,1,0,1,0,0,0.2793955497278986,0,0,0,1,0,0
369,0,0,1,0.004608294930875578,0,1,0,1,0,0.010731665065537138,1,0,0,0,0,1
370,0,0,0,0.013824884792626727,1,0,1,0,0,-1.117656650516381,1,0,0,0,0,1
371,1,1,1,0.31797235023041476,0,1,0,1,0,0.8023945785372951,1,0,0,0,0,0
372,1,0,1,0.9723502304147464,1,0,0,1,0,0.11819721893048132,1,0,0,0,0,0
373,1,0,1,0.6682027649769585,1,0,1,0,0,-0.26867877498331855,1,0,0,0,0,0
374,0,0,1,0.018433179723502304,0,1,0,1,0,2.1421318167202714,1,0,0,0,0,1
375,0,1,1,0.013824884792626727,1,0,0,1,0,-0.31882936678695956,1,0,0,0,0,1
376,1,0,1,0.9078341013824884,1,0,1,0,0,1.834063895640764,1,0,0,0,0,0
377,0,0,0,0.013824884792626727,0,1,1,0,0,0.7235865057030029,1,0,0,0,0,1
378,1,0,1,0.6129032258064516,1,0,1,0,0,1.687194305358673,1,0,0,0,0,0
379,1,0,1,0.41935483870967744,0,0,1,0,0,-0.394055254492421,1,0,0,0,0,0
380,0,0,0,0.0,0,0,1,0,0,-0.8274996550810305,1,0,0,0,0,1
381,1,0,1,0.751152073732719,1,0,0,0,0,0.9241888729175657,1,0,0,0,0,0
382,0,0,0,0.02764976958525346,0,0,0,1,0,1.8877966725732358,1,0,0,0,0,1
383,1,1,0,0.009216589861751152,0,1,1,0,0,0.053717886611515324,1,0,0,0,0,1
384,1,0,0,0.03225806451612903,1,0,1,0,0,-0.8167530996945362,1,0,0,0,0,1
385,1,0,1,0.7788018433179723,1,0,1,0,0,-0.63406165812413,0,0,0,0,1,0
386,0,0,0,0.009216589861751152,0,1,0,1,0,1.1677774616781078,1,0,0,0,0,1
387,0,1,0,0.03225806451612903,1,0,1,0,0,-1.7767787142213745,1,0,0,0,0,1
388,1,0,1,0.4377880184331797,1,0,1,0,0,-1.2573618705408092,1,0,0,0,0,0
389,0,0,0,0.13364055299539174,1,0,1,0,0,-1.225122204381326,1,0,0,0,0,0
390,1,0,1,0.14285714285714288,0,0,1,0,0,-1.221540019252494,1,0,0,0,0,0
391,1,0,1,0.4377880184331797,0,0,1,0,0,1.6728655648433461,1,0,0,0,0,0
392,0,0,1,0.018433179723502304,0,0,1,0,0,-1.3504986838904272,1,0,0,0,0,1
393,1,0,0,0.013824884792626727,1,0,1,0,0,0.16834781073412233,1,0,0,0,0,1
394,1,0,1,0.8986175115207373,1,0,1,0,0,2.503932514732251,1,0,0,0,0,0
395,0,0,1,0.16129032258064516,1,0,1,0,0,0.15532113751018126,1,0,0,0,0,0
396,1,0,1,0.15207373271889402,1,0,1,0,0,-0.5051029934861967,1,0,0,0,0,0
397,0,0,1,0.24423963133640553,1,0,1,0,0,-0.28300751549864417,1,0,0,0,0,0
398,1,0,1,0.8894009216589862,0,0,1,0,0,0.4764157318136299,1,0,0,0,0,0
399,1,0,0,0.12442396313364057,1,0,1,0,0,0.576716915420912,1,0,0,0,0,0
400,1,1,0,0.03225806451612903,0,0,1,0,0,-0.16837759137603717,1,0,0,0,0,1
401,1,0,1,0.17050691244239632,1,0,1,0,0,1.4543522719846258,1,0,0,0,0,0
402,0,1,0,0.511520737327189,1,0,1,0,0,0.42984732513882096,0,0,0,1,0,0
403,1,0,1,0.8617511520737328,1,0,1,0,0,0.7809014677643067,1,0,0,0,0,0
404,1,0,1,0.7880184331797234,1,0,0,0,0,-0.25076784933916085,1,0,0,0,0,0
405,0,0,1,0.0,0,1,0,0,0,-1.8914086383439817,1,0,0,0,0,1
406,1,0,1,0.5391705069124424,0,0,1,0,0,0.10745066354398773,1,0,0,0,0,0
407,1,0,0,0.009216589861751152,1,0,1,0,0,-0.26151440472565574,1,0,0,0,0,1
408,0,0,0,0.935483870967742,1,0,1,0,0,-1.5116970146878443,1,0,0,0,0,0
409,0,1,0,0.004608294930875578,0,0,1,0,0,0.44059388052531584,1,0,0,0,0,1
410,0,1,0,0.009216589861751152,0,0,1,0,0,-0.8597393212405138,1,0,0,0,0,1
411,1,0,0,0.3456221198156682,0,0,1,0,0,1.7516736376776396,1,0,0,0,0,0
412,0,1,0,0.7235023041474654,1,0,1,0,1,0.9206066877887349,1,0,0,0,0,0
413,1,0,1,0.15207373271889402,1,0,0,1,0,-0.8812324320135029,1,0,0,0,0,0
414,1,0,0,0.6774193548387096,1,0,0,0,0,1.4686810124999514,1,0,0,0,0,0
415,1,0,1,0.935483870967742,1,0,1,0,0,1.3289757924755246,1,0,0,0,0,0
416,0,1,1,0.15207373271889402,1,0,1,0,0,-0.9564583197189644,1,0,0,0,0,0
417,1,1,1,0.7603686635944701,1,0,1,0,0,-0.4370414760383986,1,0,0,0,0,0
418,1,0,1,0.9723502304147464,1,0,1,0,0,-0.3761443288482634,1,0,0,0,0,0
419,0,0,1,0.013824884792626727,0,0,1,0,0,0.09670410815749288,1,0,0,0,0,1
420,0,0,0,0.013824884792626727,0,0,1,0,0,0.48168545597531603,1,0,0,0,0,1
421,1,0,1,0.24423963133640553,1,0,0,0,0,0.8776204662427567,1,0,0,0,0,0
422,1,0,1,0.004608294930875578,1,0,1,0,0,0.5373128790037658,1,0,0,0,0,1
423,1,0,0,0.0,0,1,1,0,0,-1.0782526140992348,1,0,0,0,0,1
424,0,0,0,0.02764976958525346,1,0,1,0,0,-0.27226096011215056,1,0,0,0,0,1
425,0,0,0,0.018433179723502304,0,0,1,0,0,-0.8919789873999971,1,0,0,0,0,1
426,1,0,0,0.02304147465437788,1,0,1,0,0,0.12536158918814477,1,0,0,0,0,0
427,1,0,0,0.013824884792626727,0,1,1,0,0,1.4400235314693,1,0,0,0,0,0
428,0,1,0,0.0,0,1,1,0,0,-0.949293949461301,1,0,0,0,0,1
429,0,1,1,0.695852534562212,1,0,1,0,0,0.41910076975232674,0,0,0,0,1,0
430,0,1,0,0.02764976958525346,0,0,1,0,0,0.47999791694246197,0,0,0,0,1,1
431,1,1,1,0.6221198156682027,0,1,1,0,0,1.6334615284262,1,0,0,0,0,0
432,1,0,1,0.03225806451612903,0,0,1,0,0,0.6340318774822158,1,0,0,0,0,0
433,0,1,0,0.018433179723502304,0,0,1,0,0,0.1790943661206172,1,0,0,0,0,1
434,1,0,1,0.38248847926267276,1,0,1,0,0,-0.4191305503942415,1,0,0,0,0,0
435,1,0,1,0.7695852534562212,1,0,1,0,0,2.06690592901481,1,0,0,0,0,0
436,0,0,0,0.03225806451612903,0,0,1,0,0,0.47999791694246197,1,0,0,0,0,1
437,1,0,0,0.009216589861751152,1,0,1,0,0,1.7910776740947858,1,0,0,0,0,1
438,1,1,0,0.02764976958525346,0,1,1,0,0,1.5582356407207385,1,0,0,0,0,1
439,0,1,0,0.013824884792626727,0,0,1,0,1,0.06088225686917814,1,0,0,0,0,1
440,1,0,0,0.03225806451612903,0,1,1,0,0,-0.7880956186638843,1,0,0,0,0,1
441,0,1,0,0.013824884792626727,1,0,0,1,1,1.10329812935914,0,0,0,0,1,1
442,1,0,0,0.02764976958525346,0,1,1,0,0,-0.9098899130441542,1,0,0,0,0,1
443,1,1,0,0.4009216589861751,0,0,1,0,0,-0.7200341012160864,1,0,0,0,0,0
444,1,0,1,0.8525345622119817,1,0,1,0,0,-0.5803288811916582,1,0,0,0,0,0
445,1,0,1,0.31797235023041476,0,1,0,1,0,1.4400235314693,1,0,0,0,0,0
446,1,0,1,0.0,0,1,0,1,0,1.4149482355674796,1,0,0,0,0,1
447,1,0,1,0.12442396313364057,1,0,1,0,0,1.1212090550032976,1,0,0,0,0,0
448,1,0,1,0.0,1,0,0,1,0,0.6877646544146881,1,0,0,0,0,1
449,1,0,1,0.9723502304147464,0,1,1,0,0,0.19700529176477488,1,0,0,0,0,0
450,0,0,1,0.0,0,1,1,0,0,-0.7666025078908952,1,0,0,0,0,1
451,0,0,1,0.013824884792626727,0,0,1,0,0,-1.214375648994831,1,0,0,0,0,1
452,1,0,1,0.7050691244239631,1,0,0,0,0,0.3295461415315396,1,0,0,0,0,0
453,1,0,0,0.013824884792626727,0,1,1,0,0,0.29372429024322483,1,0,0,0,0,1
454,1,0,0,0.391705069124424,1,0,1,0,0,-0.6448082135106248,1,0,0,0,0,0
455,1,0,1,0.3456221198156682,0,1,1,0,0,-1.314676832602113,1,0,0,0,0,0
456,1,0,1,0.2995391705069125,0,0,1,0,0,-0.7809312484062209,1,0,0,0,0,0
457,1,0,1,0.22580645161290325,1,0,1,0,0,-1.3648274244057534,1,0,0,0,0,0
458,1,0,1,0.7880184331797234,1,0,1,0,0,-0.053747667253429506,1,0,0,0,0,0
459,1,0,0,0.05990783410138249,0,0,1,0,0,0.2543202538260781,1,0,0,0,0,0
460,1,0,1,0.9907834101382489,0,1,1,0,0,-0.07165859289758655,1,0,0,0,0,0
461,1,0,0,0.26267281105990786,1,0,0,0,0,-0.0752407780264186,1,0,0,0,0,0
462,0,1,1,0.0,1,0,0,1,0,0.07521099738450442,0,0,0,0,1,1
463,1,0,1,0.935483870967742,1,0,1,0,0,0.2507380686972467,1,0,0,0,0,0
464,1,0,1,0.3456221198156682,1,0,1,0,0,1.4328591612116373,1,0,0,0,0,0
465,0,1,0,0.02304147465437788,0,0,1,0,0,0.45850480616947287,1,0,0,0,0,1
466,0,0,0,0.004608294930875578,0,0,0,1,0,0.08953973789983005,1,0,0,0,0,1
467,0,0,1,0.3271889400921659,1,0,1,0,0,0.16118344047645952,1,0,0,0,0,0
468,1,0,1,0.24423963133640553,0,1,1,0,0,-0.4477880314248928,1,0,0,0,0,0
469,1,0,1,0.24423963133640553,0,0,1,0,0,-0.490774252970871,1,0,0,0,0,0
470,1,0,1,0.20737327188940094,1,0,1,0,0,0.021478220452031366,1,0,0,0,0,0
471,1,0,1,0.19815668202764977,1,0,1,0,0,-0.6663013242836132,1,0,0,0,0,0
472,0,1,0,0.013824884792626727,1,0,1,0,0,-0.2794253303698134,1,0,0,0,0,1
473,1,1,1,0.6682027649769585,1,0,1,0,1,2.11347433568962,0,0,1,0,0,0
474,1,0,1,0.013824884792626727,0,0,1,0,0,-0.24718566421033006,1,0,0,0,0,0
475,1,0,1,0.6682027649769585,1,0,1,0,0,0.7988123934084644,1,0,0,0,0,0
476,0,0,0,0.02764976958525346,1,0,1,0,0,-0.687794435056603,1,0,0,0,0,1
477,1,0,0,0.03225806451612903,0,1,0,1,0,0.839903968858464,1,0,0,0,0,1
478,0,1,1,0.6221198156682027,1,0,1,0,0,-1.937977045018791,0,0,0,1,0,0
479,0,0,1,0.02304147465437788,0,1,1,0,0,-1.8806620829574872,1,0,0,0,0,1
480,1,0,1,0.4746543778801843,0,1,0,1,0,1.3612154586350078,1,0,0,0,0,0
481,1,0,0,0.5299539170506913,1,0,1,0,0,1.3504689032485129,1,0,0,0,0,0
482,1,1,0,0.02764976958525346,1,0,1,0,1,-0.11822699957239614,1,0,0,0,0,1
483,1,0,1,0.7235023041474654,1,0,1,0,0,0.4692513615559671,1,0,0,0,0,0
484,1,0,1,0.3456221198156682,1,0,1,0,0,-1.647820049583441,1,0,0,0,0,0
485,1,0,1,0.38248847926267276,0,1,1,0,0,-1.6621487900987668,1,0,0,0,0,0
487,1,0,1,0.06912442396313365,1,0,1,0,0,-1.7839430844790372,1,0,0,0,0,0
488,1,0,0,0.695852534562212,1,0,0,1,0,1.683612120229841,1,0,0,0,0,0
489,0,0,0,0.0,0,1,0,1,0,-0.4836098827132082,1,0,0,0,0,1
490,1,0,1,0.26267281105990786,1,0,1,0,0,-1.192882538221842,1,0,0,0,0,0
491,0,1,1,0.9723502304147464,0,1,1,0,0,0.3617858076910229,1,0,0,0,0,0
492,1,0,1,0.815668202764977,1,0,1,0,0,1.0137435011383529,1,0,0,0,0,0
493,1,0,1,0.8064516129032259,1,0,1,0,0,0.19700529176477488,1,0,0,0,0,0
494,0,0,0,0.5299539170506913,1,0,0,0,0,1.1498665360339502,1,0,0,0,0,0
495,0,0,1,0.7695852534562212,1,0,0,0,0,-0.13972011034538523,1,0,0,0,0,0
496,0,0,0,0.5299539170506913,1,0,1,0,0,1.2752430155430514,1,0,0,0,0,0
497,0,0,1,0.004608294930875578,0,1,1,0,0,0.5135396503933298,1,0,0,0,0,1
498,1,0,1,0.8894009216589862,0,1,0,1,0,-1.277552914022413,1,0,0,0,0,0
499,0,1,0,0.009216589861751152,0,0,1,0,0,0.4816854559753167,1,0,0,0,0,1
500,1,0,0,0.004608294930875578,0,1,1,0,0,1.0137435011383529,1,0,0,0,0,1
501,1,0,1,0.4746543778801843,1,0,1,0,0,-1.221540019252494,1,0,0,0,0,0
502,1,0,0,0.03225806451612903,1,0,1,0,0,0.1325259594458076,1,0,0,0,0,1
503,1,0,1,0.0,1,0,0,0,0,0.9241888729175662,1,0,0,0,0,1
504,1,0,1,0.15207373271889402,1,0,1,0,0,1.6191327879108743,1,0,0,0,0,0
505,1,0,0,0.02764976958525346,0,1,1,0,0,0.6340318774822158,1,0,0,0,0,1
506,0,0,0,0.02304147465437788,0,1,0,1,0,-1.9129017491169709,1,0,0,0,0,1
507,1,0,1,0.06912442396313365,1,0,1,0,0,-1.16422505719119,1,0,0,0,0,0
508,1,0,1,0.7603686635944701,0,1,1,0,0,0.8740382811139252,1,0,0,0,0,0
509,0,0,0,0.02764976958525346,0,0,1,0,0,1.8555570064137525,1,0,0,0,0,1
510,1,0,1,0.6682027649769585,1,0,0,0,0,0.7235865057030029,1,0,0,0,0,0
511,0,0,0,0.0,0,0,1,0,0,-0.8060065443080414,1,0,0,0,0,1
512,1,0,1,0.7788018433179723,1,0,1,0,0,-0.7092875458295914,1,0,0,0,0,0
513,0,0,0,0.0,0,1,1,0,0,1.192852757579927,1,0,0,0,0,1
514,1,0,1,0.695852534562212,1,0,1,0,0,1.5689821961072334,1,0,0,0,0,0
515,1,0,1,0.4470046082949309,1,0,0,1,0,0.03938914609618905,1,0,0,0,0,0
516,0,1,0,0.004608294930875578,0,1,0,1,0,0.1790943661206172,1,0,0,0,0,1
517,1,0,1,0.12442396313364057,1,0,0,1,0,0.565970360034417,1,0,0,0,0,0
518,1,0,0,0.880184331797235,1,0,0,0,0,-1.0495951330685824,1,0,0,0,0,0
519,0,0,0,0.02764976958525346,0,0,1,0,0,1.4042016801809847,1,0,0,0,0,1
520,1,0,1,0.17050691244239632,0,1,1,0,0,0.9564285390770496,1,0,0,0,0,0
521,1,0,1,0.4470046082949309,1,0,1,0,0,-1.3827383500499104,1,0,0,0,0,0
522,1,1,1,0.13364055299539174,0,0,1,0,0,-0.687794435056603,0,0,0,0,1,0
523,0,1,0,0.009216589861751152,0,0,1,0,0,0.5408950641325971,1,0,0,0,0,1
524,1,0,1,0.02304147465437788,1,0,0,1,0,0.9635929093347124,1,0,0,0,0,0
525,1,1,1,0.16129032258064516,1,0,0,1,0,-1.3576630541480899,1,0,0,0,0,0
526,0,1,0,0.013824884792626727,1,0,0,1,0,1.5295781596900873,1,0,0,0,0,1
527,0,0,1,0.23502304147465441,1,0,1,0,0,-1.7624499737060486,1,0,0,0,0,0
528,0,1,1,0.02304147465437788,0,0,1,0,1,-0.9098899130441542,1,0,0,0,0,1
529,1,0,1,0.4930875576036866,0,1,1,0,0,0.37969673333517995,1,0,0,0,0,0
530,0,0,1,0.0,0,1,0,1,0,-0.4513702165537249,1,0,0,0,0,1
531,1,0,0,0.2903225806451613,1,0,1,0,0,0.38686110359284276,1,0,0,0,0,0
532,0,1,0,0.02304147465437788,0,1,0,1,0,0.6806002841570247,1,0,0,0,0,1
533,0,1,0,0.009216589861751152,0,1,1,0,0,-0.6627191391547824,1,0,0,0,0,1
534,0,1,1,0.8064516129032259,1,0,1,0,1,-0.9457117643324695,0,1,0,0,0,0
535,0,1,1,0.03225806451612903,1,0,1,0,1,-0.7307806566025798,0,1,0,0,0,0
536,1,0,0,0.0,0,0,1,0,0,1.0352366119113425,1,0,0,0,0,1
537,1,0,1,0.4746543778801843,0,1,0,1,0,0.6698537287705305,1,0,0,0,0,0
538,1,0,1,0.3456221198156682,0,1,1,0,0,1.540324715076582,1,0,0,0,0,0
539,0,0,1,0.013824884792626727,0,0,1,0,0,0.8812026513715887,1,0,0,0,0,1
540,1,0,0,0.013824884792626727,0,0,0,1,0,-1.1391497612893695,1,0,0,0,0,1
541,1,1,1,0.6774193548387096,1,0,1,0,0,0.3402926969180338,1,0,0,0,0,0
542,1,1,0,0.0,0,0,1,0,1,0.007149479936705727,1,0,0,0,0,1
543,1,1,0,0.013824884792626727,0,1,0,1,0,0.5050732128442824,1,0,0,0,0,1
544,1,0,0,0.511520737327189,0,0,1,0,0,0.8059767636661272,1,0,0,0,0,0
545,1,0,1,0.8894009216589862,1,0,0,0,0,-0.46211677194021844,1,0,0,0,0,0
546,1,0,0,0.03225806451612903,1,0,0,1,0,0.15043688508996528,1,0,0,0,0,1
547,0,0,0,0.02764976958525346,1,0,1,0,0,0.47283354668479916,1,0,0,0,0,1
548,1,0,0,0.3271889400921659,0,1,1,0,0,-0.3689799585906005,1,0,0,0,0,0
549,0,0,0,0.018433179723502304,0,1,0,1,0,-0.3295759221734538,1,0,0,0,0,1
550,1,0,1,0.9815668202764978,0,1,0,1,0,-0.7594381376332324,1,0,0,0,0,0
551,0,1,0,0.009216589861751152,0,1,1,0,0,-0.15763103598954292,1,0,0,0,0,1
552,0,0,0,0.02304147465437788,1,0,1,0,0,0.9170245026599029,1,0,0,0,0,1
553,1,0,1,0.1152073732718894,1,0,0,0,0,0.6770180990281939,1,0,0,0,0,0
554,1,0,1,0.8433179723502304,1,0,1,0,0,-0.5194317340015229,1,0,0,0,0,0
555,1,0,1,1.0,0,0,1,0,0,-1.48903209570914e-05,1,0,0,0,0,0
556,1,0,1,0.9723502304147464,1,0,1,0,0,0.15043688508996528,1,0,0,0,0,0
557,0,0,0,0.06912442396313365,1,0,1,0,0,-0.6268972878664671,1,0,0,0,0,0
558,1,0,1,0.12442396313364057,1,0,1,0,0,-0.24360347908149801,0,0,0,0,1,0
559,1,0,1,0.7788018433179723,1,0,1,0,0,-0.6018219919646466,1,0,0,0,0,0
560,0,1,1,0.6682027649769585,1,0,1,0,0,-0.27584314524098136,1,0,0,0,0,0
561,1,0,1,0.3271889400921659,1,0,0,1,0,1.4042016801809847,1,0,0,0,0,0
562,1,0,0,0.03225806451612903,1,0,1,0,0,-0.3367402924311172,1,0,0,0,0,1
563,1,0,0,0.02304147465437788,0,0,1,0,0,-0.8060065443080414,1,0,0,0,0,1
564,0,0,1,0.004608294930875578,0,1,1,0,0,1.6621190094568525,0,0,0,0,1,1
565,1,0,0,0.009216589861751152,0,1,1,0,0,-1.4257245715958886,1,0,0,0,0,1
566,0,0,0,0.02764976958525346,1,0,0,0,0,0.4692513615559671,1,0,0,0,0,1
567,1,0,1,0.04147465437788018,1,0,1,0,0,1.8627213766714152,1,0,0,0,0,0
568,1,0,1,0.7972350230414748,1,0,1,0,0,1.4471879017269629,1,0,0,0,0,0
569,0,0,0,0.004608294930875578,0,0,1,0,0,0.841798614954442,1,0,0,0,0,1
570,0,0,1,0.013824884792626727,0,1,1,0,0,0.37611454820634915,1,0,0,0,0,1
571,0,0,1,0.31797235023041476,1,0,0,1,0,-0.6734656945412767,1,0,0,0,0,0
572,1,0,0,0.02304147465437788,1,0,1,0,0,1.6191327879108743,1,0,0,0,0,1
573,0,1,0,0.013824884792626727,0,0,1,0,0,0.666271543641699,1,0,0,0,0,1
574,0,1,0,0.013824884792626727,0,1,0,1,0,-1.6263269388104513,1,0,0,0,0,1
575,1,0,1,0.6221198156682027,0,0,1,0,0,0.4943266574577876,1,0,0,0,0,0
576,1,0,1,0.391705069124424,0,1,0,1,0,-0.2113638129220147,1,0,0,0,0,0
577,1,0,1,0.6589861751152073,1,0,0,1,0,0.6591071733840362,1,0,0,0,0,0
578,0,1,1,0.03225806451612903,0,1,1,0,0,1.1606130914204438,1,0,0,0,0,1
579,1,0,1,0.8986175115207373,0,0,1,0,0,0.5014910277154504,1,0,0,0,0,0
580,1,1,0,0.018433179723502304,0,1,0,1,0,0.5050732128442824,1,0,0,0,0,1
581,1,0,1,0.5299539170506913,1,0,1,0,0,-0.5194317340015223,1,0,0,0,0,0
582,1,0,1,0.4930875576036866,1,0,1,0,0,-0.7522737673755696,1,0,0,0,0,0
583,1,0,1,0.22580645161290325,1,0,1,0,0,1.7086874161316614,1,0,0,0,0,0
584,0,0,0,0.004608294930875578,0,1,0,1,0,-0.4262949206519044,1,0,0,0,0,1
585,1,0,1,0.05990783410138249,1,0,1,0,0,0.8131411339237901,1,0,0,0,0,0
586,0,1,1,0.7235023041474654,1,0,0,0,0,-0.053747667253429506,1,0,0,0,0,0
587,1,0,1,0.7050691244239631,0,0,1,0,0,0.09312192302866146,1,0,0,0,0,0
588,1,1,0,0.7788018433179723,1,0,1,0,0,0.22208058766659475,1,0,0,0,0,0
589,0,0,0,0.018433179723502304,0,0,1,0,0,-1.311094647473281,1,0,0,0,0,1
590,1,0,0,0.10599078341013826,1,0,1,0,0,-1.4902039039148551,1,0,0,0,0,0
591,1,0,1,0.391705069124424,1,0,0,1,0,0.04655351635385187,1,0,0,0,0,0
592,1,0,0,0.02764976958525346,0,1,0,1,0,-1.48903209570914e-05,1,0,0,0,0,1
593,0,1,0,0.004608294930875578,0,0,1,0,0,0.5623881749055862,0,0,0,0,1,1
594,1,0,1,0.6129032258064516,1,0,1,0,0,0.5135396503933298,1,0,0,0,0,0
595,1,0,1,0.391705069124424,0,1,1,0,0,-1.8734977126998242,1,0,0,0,0,0
596,1,0,1,0.12442396313364057,1,0,1,0,0,-1.3504986838904272,1,0,0,0,0,0
597,1,0,1,0.018433179723502304,0,1,0,1,0,0.9026957621445771,1,0,0,0,0,1
598,1,0,1,0.21658986175115208,1,0,1,0,0,-0.24002129395266725,1,0,0,0,0,0
599,1,0,1,0.2903225806451613,1,0,1,0,0,0.7809014677643067,1,0,0,0,0,0
600,1,0,0,0.03225806451612903,0,1,1,0,0,0.5158197682307767,1,0,0,0,0,1
601,0,1,0,0.0,0,0,0,1,0,-0.6018219919646466,1,0,0,0,0,1
602,0,0,0,0.013824884792626727,0,1,1,0,0,-0.20061725753552048,1,0,0,0,0,1
603,0,1,1,0.33640552995391704,1,0,1,0,0,-0.852574950982851,1,0,0,0,0,0
604,1,0,1,0.8617511520737328,1,0,1,0,0,1.6621190094568525,1,0,0,0,0,0
605,0,0,1,0.03225806451612903,1,0,0,0,0,-1.5439366808473276,1,0,0,0,0,1
606,1,0,1,0.3456221198156682,1,0,0,0,0,0.7952302082796323,1,0,0,0,0,0
607,1,0,1,0.8525345622119817,1,0,1,0,0,0.06804662712684097,1,0,0,0,0,0
608,0,1,0,0.013824884792626727,0,0,1,0,0,-0.8669036914981773,1,0,0,0,0,1
609,1,1,1,0.6774193548387096,1,0,1,0,0,0.48358010207129337,1,0,0,0,0,0
610,0,0,1,0.3087557603686636,1,0,1,0,0,-1.0388485776820882,1,0,0,0,0,0
611,0,1,1,0.018433179723502304,0,0,1,0,0,1.5152494191747616,0,0,0,0,1,1
612,1,0,0,0.8709677419354839,0,0,1,0,0,0.9349354283040605,1,0,0,0,0,0
613,1,0,1,0.5668202764976958,1,0,0,1,0,0.5229841384884402,1,0,0,0,0,0
614,1,0,0,0.02304147465437788,0,1,1,0,0,-0.9063077279153234,1,0,0,0,0,1
615,1,1,1,0.009216589861751152,1,0,0,1,0,-1.0281020222955939,1,0,0,0,0,1
616,1,0,1,0.511520737327189,1,0,1,0,0,1.6048040473955487,1,0,0,0,0,0
617,1,0,1,0.6682027649769585,1,0,1,0,0,0.40118984410816905,1,0,0,0,0,0
618,1,0,0,0.05069124423963133,0,1,1,0,0,0.2901421051143928,1,0,0,0,0,0
619,1,0,1,0.5852534562211982,0,0,0,0,0,0.09670410815749288,1,0,0,0,0,0
620,0,0,0,0.004608294930875578,0,1,1,0,0,2.0955634100454614,1,0,0,0,0,1
621,1,0,0,0.7972350230414748,1,0,1,0,0,-0.10389825905707051,1,0,0,0,0,0
622,1,0,1,0.7603686635944701,1,0,0,0,0,0.7056755800588452,1,0,0,0,0,0
624,1,0,0,0.2534562211981567,1,0,1,0,0,0.7056755800588452,1,0,0,0,0,0
625,1,0,1,0.02764976958525346,0,1,0,1,0,1.257332089898895,1,0,0,0,0,1
626,1,0,1,0.4838709677419355,0,1,1,0,0,0.2543202538260787,1,0,0,0,0,0
627,0,1,1,0.3087557603686636,1,0,1,0,1,0.12536158918814477,0,0,0,1,0,0
628,0,0,1,0.013824884792626727,0,0,1,0,0,-2.5003801102453345,1,0,0,0,0,1
629,1,0,1,0.5207373271889401,1,0,1,0,0,0.6411962477398786,1,0,0,0,0,0
630,1,1,1,0.8525345622119817,0,0,1,0,0,0.9528463539482181,1,0,0,0,0,0
631,0,1,1,0.38248847926267276,1,0,1,0,0,0.8382164298256105,1,0,0,0,0,0
632,1,0,0,0.8617511520737328,1,0,1,0,0,0.4620869912983043,1,0,0,0,0,0
633,1,0,1,0.5668202764976958,1,0,1,0,0,-1.3075124623444496,1,0,0,0,0,0
634,0,0,1,0.0,0,1,0,1,0,-1.0782526140992348,1,0,0,0,0,1
635,0,1,0,0.8433179723502304,1,0,1,0,0,0.7235865057030029,0,0,0,1,0,0
636,1,0,0,0.0,1,0,1,0,0,2.2890014070023614,1,0,0,0,0,1
637,0,1,0,0.03225806451612903,1,0,0,1,0,0.3367105117892024,0,0,0,0,1,1
638,1,0,1,0.018433179723502304,0,1,0,1,0,-1.8305114911538465,1,0,0,0,0,1
639,1,0,1,0.07834101382488479,1,0,1,0,0,0.8274698744391157,1,0,0,0,0,0
640,1,0,0,0.0,0,1,0,1,0,-0.5929700826741291,1,0,0,0,0,1
641,1,0,1,0.6221198156682027,1,0,1,0,0,0.4871622872001248,1,0,0,0,0,0
642,0,0,0,0.03225806451612903,1,0,1,0,0,1.6298793432973693,1,0,0,0,0,1
643,1,0,1,0.5207373271889401,1,0,1,0,0,0.42984732513882096,1,0,0,0,0,0
644,0,1,0,0.004608294930875578,0,0,1,0,0,1.927200708990382,1,0,0,0,0,1
645,1,0,0,0.6774193548387096,1,0,1,0,0,-0.13613792521655382,1,0,0,0,0,0
646,0,0,1,0.03225806451612903,1,0,0,0,0,0.07162881225567237,1,0,0,0,0,1
647,0,0,1,0.6036866359447005,1,0,0,0,0,1.923618523861551,1,0,0,0,0,0
648,1,0,1,0.17050691244239632,0,0,1,0,0,-0.4477880314248928,0,0,0,0,1,0
649,1,0,1,0.5760368663594471,1,0,1,0,0,0.09670410815749288,1,0,0,0,0,0
650,0,1,1,0.42857142857142855,1,0,0,0,0,-0.587493251449321,1,0,0,0,0,0
651,1,0,1,1.0,0,0,1,0,0,-1.930812674761128,1,0,0,0,0,0
652,1,1,0,0.3271889400921659,0,1,0,1,0,1.4615166422422898,1,0,0,0,0,0
653,1,0,0,0.02764976958525346,0,1,1,0,0,-0.11464481444356474,0,0,0,0,1,1
654,1,0,0,0.1152073732718894,1,0,0,1,0,0.4943266574577876,1,0,0,0,0,0
655,1,0,0,0.5207373271889401,0,1,1,0,0,-1.2107934638659996,1,0,0,0,0,0
656,1,0,1,0.4746543778801843,1,0,1,0,0,1.540324715076582,1,0,0,0,0,0
657,1,0,0,0.018433179723502304,1,0,1,0,0,-0.24360347908149801,1,0,0,0,0,1
658,1,0,1,0.8894009216589862,0,0,1,0,0,-0.2328569236950038,0,0,0,0,1,0
659,1,0,0,0.05069124423963133,0,0,1,0,0,0.576716915420912,1,0,0,0,0,0
660,1,0,1,0.42857142857142855,1,0,1,0,0,0.11461503380165056,1,0,0,0,0,0
661,1,0,1,0.38248847926267276,1,0,1,0,0,-0.7092875458295914,1,0,0,0,0,0
662,0,0,0,0.013824884792626727,0,1,1,0,0,0.666271543641699,1,0,0,0,0,1
663,0,1,0,0.004608294930875578,0,0,1,0,0,1.8877966725732358,1,0,0,0,0,1
664,1,0,1,0.8064516129032259,0,1,1,0,0,0.526566323617271,1,0,0,0,0,0
666,1,0,1,0.009216589861751152,0,0,1,0,0,-0.28300751549864417,1,0,0,0,0,1
667,1,0,1,0.16129032258064516,0,0,1,0,0,1.533160344818918,1,0,0,0,0,0
668,1,0,0,0.6036866359447005,1,0,1,0,0,-1.497368274172518,1,0,0,0,0,0
669,1,0,1,0.391705069124424,1,0,1,0,0,1.0603119078131624,1,0,0,0,0,0
670,0,0,0,0.0,1,0,1,0,0,-1.6012516429086314,1,0,0,0,0,1
671,0,1,0,0.13364055299539174,1,0,1,0,0,-1.33258775824627,1,0,0,0,0,0
672,1,1,1,0.02764976958525346,0,1,0,1,0,1.490174123272941,1,0,0,0,0,1
673,0,0,1,0.6589861751152073,1,0,0,0,0,-0.48002769758437613,1,0,0,0,0,0
674,1,0,0,0.009216589861751152,0,1,0,1,0,-2.1421615973621857,1,0,0,0,0,1
675,1,0,1,0.6221198156682027,1,0,1,0,0,0.20058747689360565,1,0,0,0,0,0
676,1,1,1,0.8894009216589862,0,0,1,0,0,-0.9206364684306491,1,0,0,0,0,0
677,1,1,1,0.6682027649769585,0,0,0,1,0,-0.820335284823367,1,0,0,0,0,0
678,1,1,0,0.14285714285714288,1,0,1,0,0,-0.7916778037927158,0,1,0,0,0,0
679,1,0,1,0.14285714285714288,1,0,1,0,0,-1.8591689721844984,1,0,0,0,0,0
680,1,0,1,0.19815668202764977,1,0,1,0,0,2.0812346695301356,1,0,0,0,0,0
681,0,1,0,0.004608294930875578,0,1,1,0,0,1.583310936622559,1,0,0,0,0,1
682,1,0,0,0.013824884792626727,0,1,1,0,0,0.569552545163249,1,0,0,0,0,1
683,0,1,0,0.013824884792626727,1,0,0,1,0,1.644208083812695,1,0,0,0,0,1
684,1,0,1,0.004608294930875578,1,0,1,0,0,-1.3504986838904272,1,0,0,0,0,1
685,1,0,1,0.17050691244239632,1,0,0,1,0,0.7164221354453401,1,0,0,0,0,0
686,1,0,1,0.6129032258064516,0,1,1,0,0,0.666271543641699,1,0,0,0,0,0
687,1,0,0,0.7880184331797234,0,0,1,0,0,1.5188316043035923,1,0,0,0,0,0
688,1,0,1,0.38248847926267276,1,0,1,0,0,0.003567294807874318,1,0,0,0,0,0
689,0,0,0,0.009216589861751152,1,0,0,0,0,1.1104624996168027,1,0,0,0,0,1
690,1,1,0,0.41935483870967744,0,1,0,1,0,1.2358389791259052,1,0,0,0,0,0
691,1,0,1,0.24423963133640553,1,0,1,0,0,-1.5511010511049905,1,0,0,0,0,0
692,0,0,0,0.013824884792626727,0,1,0,1,0,-1.1964647233506733,1,0,0,0,0,1
693,1,0,0,0.03225806451612903,0,1,1,0,0,-1.4687107931418668,1,0,0,0,0,1
694,0,1,1,0.15207373271889402,1,0,0,1,0,-0.6089863622223094,1,0,0,0,0,0
695,1,0,1,0.04147465437788018,1,0,0,0,0,-0.3797265139770948,1,0,0,0,0,0
696,1,0,1,0.7235023041474654,1,0,1,0,0,0.8561273554697683,1,0,0,0,0,0
697,1,0,1,0.9447004608294931,0,0,1,0,0,0.931353243175229,1,0,0,0,0,0
698,0,0,1,0.03225806451612903,0,0,1,0,0,0.39044328872167483,1,0,0,0,0,1
699,1,0,0,0.009216589861751152,0,1,1,0,0,0.9707572795923759,1,0,0,0,0,1
700,0,0,0,0.009216589861751152,0,1,1,0,0,-0.8848146171423343,1,0,0,0,0,1
701,1,1,0,0.013824884792626727,1,0,0,1,0,-0.06807640776875579,1,0,0,0,0,1
702,0,0,0,0.02304147465437788,0,1,0,1,0,-0.3725621437194313,1,0,0,0,0,1
703,1,0,1,0.6866359447004607,0,1,1,0,0,-0.9134720981729862,1,0,0,0,0,0
704,1,0,0,0.02764976958525346,0,1,1,0,0,0.16834781073412233,1,0,0,0,0,1
705,1,0,1,0.1152073732718894,1,0,1,0,0,-0.9193344011392645,1,0,0,0,0,0
706,1,0,1,0.5760368663594471,0,0,1,0,0,-1.0245198371667619,1,0,0,0,0,0
707,1,0,1,0.9907834101382489,1,0,1,0,0,1.1104624996168027,1,0,0,0,0,0
708,0,0,0,0.02304147465437788,0,1,0,1,0,0.6734359138993619,1,0,0,0,0,1
709,0,0,0,0.013824884792626727,0,0,1,0,0,-0.26867877498331855,1,0,0,0,0,1
710,1,0,0,0.4930875576036866,1,0,0,0,0,1.2501677196412309,1,0,0,0,0,0
711,1,0,0,0.013824884792626727,1,0,1,0,0,-1.3469164987615962,1,0,0,0,0,0
712,0,1,0,0.0,0,0,1,0,1,0.10386847841515569,1,0,0,0,0,1
713,1,0,1,0.7695852534562212,1,0,1,0,0,-1.518861384945507,1,0,0,0,0,0
714,1,0,1,0.5391705069124424,0,0,1,0,0,-0.394055254492421,1,0,0,0,0,0
715,1,0,1,0.3456221198156682,0,0,1,0,0,-0.010761445707451956,1,0,0,0,0,0
716,1,0,1,0.004608294930875578,0,1,1,0,0,-2.271120262000119,1,0,0,0,0,1
717,1,0,0,0.7235023041474654,1,0,1,0,0,-0.11464481444356474,1,0,0,0,0,0
718,0,0,0,0.004608294930875578,0,0,1,0,0,0.15760125534762812,0,0,0,1,0,1
719,0,0,0,0.02304147465437788,1,0,0,0,0,1.583310936622559,1,0,0,0,0,1
720,1,0,0,0.4746543778801843,0,0,1,0,0,-0.29017188575630765,1,0,0,0,0,0
721,0,0,1,0.7235023041474654,1,0,1,0,0,1.7660023781929652,1,0,0,0,0,0
722,0,0,0,0.02764976958525346,0,1,1,0,0,-1.1069100951298863,1,0,0,0,0,1
723,1,0,0,0.3271889400921659,1,0,0,1,1,-0.3080828114004647,1,0,0,0,0,0
724,1,0,1,0.9815668202764978,0,0,1,0,0,-0.53734265964568,1,0,0,0,0,0
725,1,0,1,0.5668202764976958,0,0,1,0,0,-1.277552914022413,1,0,0,0,0,0
726,1,0,1,0.5391705069124424,0,0,1,0,0,-0.5624179555475005,1,0,0,0,0,0
727,1,0,0,0.24423963133640553,1,0,1,0,0,0.7737370975066439,1,0,0,0,0,0
728,0,1,1,0.6036866359447005,1,0,1,0,0,0.5373128790037658,1,0,0,0,0,0
729,1,0,0,0.013824884792626727,0,1,0,1,0,1.1749418319357694,1,0,0,0,0,1
730,1,0,0,0.3456221198156682,1,0,1,0,0,-0.22211036830850958,1,0,0,0,0,0
731,1,0,0,0.12442396313364057,1,0,1,0,0,-1.185718167964179,1,0,0,0,0,0
732,1,0,0,0.03225806451612903,0,1,1,0,0,0.2507380686972467,1,0,0,0,0,1
733,1,0,1,0.5391705069124424,0,1,1,0,0,1.1104624996168027,1,0,0,0,0,0
734,0,1,0,0.013824884792626727,0,1,0,1,0,-0.852574950982851,0,0,0,0,1,1
735,1,0,0,0.7695852534562212,1,0,1,0,0,-0.014343630836283365,1,0,0,0,0,0
736,1,0,0,0.018433179723502304,1,0,1,0,0,1.2107636832240847,1,0,0,0,0,1
738,1,1,1,0.13364055299539174,1,0,1,0,0,0.40477202923700045,1,0,0,0,0,0
739,0,0,0,0.004608294930875578,0,0,1,0,0,-0.2830075154986448,1,0,0,0,0,1
740,1,0,1,0.6589861751152073,0,1,1,0,0,0.5516416195190914,1,0,0,0,0,0
741,1,0,1,0.7603686635944701,1,0,0,0,0,-0.4585345868113877,1,0,0,0,0,0
742,0,1,0,0.018433179723502304,0,0,1,0,0,-1.2287043895101566,1,0,0,0,0,1
743,1,1,0,0.004608294930875578,1,0,1,0,1,1.7516736376776385,1,0,0,0,0,1
744,1,0,0,0.9631336405529953,1,0,1,0,0,-1.0925813546145606,1,0,0,0,0,0
745,1,0,0,0.013824884792626727,1,0,1,0,0,-0.9063077279153234,1,0,0,0,0,0
746,0,1,1,0.02304147465437788,0,0,1,0,0,0.5731347302920805,1,0,0,0,0,1
747,1,1,0,0.009216589861751152,0,0,1,0,0,0.3116352158873819,1,0,0,0,0,1
748,1,0,1,0.31797235023041476,1,0,1,0,0,-1.504532644430181,1,0,0,0,0,0
749,1,0,1,0.21658986175115208,0,0,1,0,0,-0.12897355495889037,1,0,0,0,0,0
750,1,0,1,0.5852534562211982,1,0,1,0,0,-1.4257245715958886,1,0,0,0,0,0
751,0,0,0,0.004608294930875578,0,1,1,0,0,-0.24360347908149801,1,0,0,0,0,1
752,1,0,1,1.0,1,0,1,0,0,0.7235865057030029,1,0,0,0,0,0
753,1,0,1,0.06912442396313365,1,0,1,0,0,-0.3653977734617685,1,0,0,0,0,0
754,1,0,0,0.02304147465437788,1,0,0,1,0,-0.043001111866935275,1,0,0,0,0,1
755,0,1,0,0.02304147465437788,0,1,1,0,0,-1.5725941618779795,1,0,0,0,0,1
756,1,0,1,0.5668202764976958,1,0,1,0,0,-0.5194317340015223,1,0,0,0,0,0
757,0,0,0,0.02304147465437788,0,1,1,0,0,-0.9313830238171439,1,0,0,0,0,1
758,1,0,0,0.5852534562211982,0,1,0,1,0,-1.0854169843568977,1,0,0,0,0,0
759,0,0,1,0.31797235023041476,1,0,0,0,0,-0.390473069363589,1,0,0,0,0,0
760,1,0,1,0.14285714285714288,1,0,0,0,0,1.450770086855795,1,0,0,0,0,0
761,1,0,1,0.21658986175115208,1,0,1,0,0,-0.24718566421033006,1,0,0,0,0,0
762,1,0,1,0.9539170506912442,1,0,1,0,0,-0.08598733341291283,1,0,0,0,0,0
763,1,0,1,0.42857142857142855,1,0,1,0,0,0.5194019533596081,1,0,0,0,0,0
764,0,0,1,0.4930875576036866,0,0,1,0,0,1.1892705724510964,1,0,0,0,0,0
765,1,0,1,0.5023041474654377,1,0,0,1,0,-0.9994445412649413,1,0,0,0,0,0
766,0,1,0,0.03225806451612903,0,0,1,0,0,-0.4262949206519044,1,0,0,0,0,1
767,1,0,1,0.10599078341013826,1,0,1,0,0,1.1104624996168027,1,0,0,0,0,0
768,1,0,1,0.5023041474654377,1,0,0,0,0,-1.9272304896322967,1,0,0,0,0,0
769,0,0,0,0.018433179723502304,1,0,1,0,1,0.2579024389549095,1,0,0,0,0,1
770,1,0,1,0.8894009216589862,1,0,0,0,0,0.03938914609618905,1,0,0,0,0,0
771,0,1,1,0.009216589861751152,0,1,1,0,0,-0.225692553437341,1,0,0,0,0,1
772,0,0,0,0.018433179723502304,1,0,0,1,1,-0.32241155191579096,1,0,0,0,0,1
773,0,0,0,0.018433179723502304,0,1,1,0,0,-1.6012516429086314,1,0,0,0,0,1
774,1,0,0,0.5944700460829493,0,1,1,0,0,-0.2347515697909811,1,0,0,0,0,0
775,1,1,1,0.815668202764977,1,0,1,0,0,0.9241888729175657,1,0,0,0,0,0
776,1,0,1,0.8064516129032259,1,0,1,0,0,0.28297773485673,1,0,0,0,0,0
777,1,0,1,0.5391705069124424,1,0,1,0,0,-1.3182590177309437,1,0,0,0,0,0
778,0,0,0,0.0,1,0,1,0,0,0.7558261718624862,1,0,0,0,0,1
779,1,1,1,0.9631336405529953,1,0,0,0,1,1.0710584631996567,0,1,0,0,0,0
780,1,1,0,0.03225806451612903,1,0,1,0,0,-0.8418283955963568,1,0,0,0,0,1
781,1,0,1,0.6036866359447005,0,1,0,1,0,-2.5003801102453345,1,0,0,0,0,0
782,1,0,1,0.7880184331797234,1,0,0,0,0,0.6770180990281939,1,0,0,0,0,0
783,1,0,1,0.935483870967742,0,0,1,0,0,0.5444772492614286,1,0,0,0,0,0
784,1,0,1,0.8064516129032259,0,1,0,1,0,1.0137435011383529,1,0,0,0,0,0
785,1,0,1,0.4838709677419355,1,0,1,0,0,1.6334615284262,1,0,0,0,0,0
786,1,0,1,0.3271889400921659,0,0,1,0,0,-0.7092875458295914,1,0,0,0,0,0
787,0,0,0,0.03225806451612903,0,1,1,0,0,0.19700529176477488,1,0,0,0,0,1
788,0,0,0,0.03225806451612903,1,0,1,0,0,-0.5480892150321748,1,0,0,0,0,1
789,1,0,1,0.5299539170506913,1,0,0,1,0,0.8238876893102849,1,0,0,0,0,0
790,0,1,1,0.7880184331797234,1,0,1,0,0,-0.773766878148558,1,0,0,0,0,0
791,1,0,1,0.7972350230414748,0,0,1,0,0,0.5408950641325971,1,0,0,0,0,0
792,0,1,0,0.004608294930875578,0,0,1,0,0,0.15401907021879668,1,0,0,0,0,1
793,1,1,0,0.02304147465437788,0,1,1,0,1,0.286559919985562,1,0,0,0,0,1
794,1,1,0,0.0,1,0,0,1,0,0.3044708456297191,1,0,0,0,0,1
795,1,0,0,0.009216589861751152,1,0,1,0,0,-0.7092875458295914,1,0,0,0,0,1
796,1,0,1,0.8894009216589862,1,0,1,0,0,-0.47644551245554473,1,0,0,0,0,0
797,1,0,1,0.10599078341013826,0,1,1,0,0,0.7522439867336548,1,0,0,0,0,0
798,0,0,1,0.751152073732719,1,0,1,0,0,0.44059388052531584,1,0,0,0,0,0
799,1,0,1,0.5207373271889401,0,0,1,0,0,-2.002456377337758,1,0,0,0,0,0
800,0,0,0,0.03225806451612903,0,1,1,0,0,-0.6627191391547824,1,0,0,0,0,1
801,1,0,1,0.2534562211981567,1,0,1,0,0,0.3152174010162133,1,0,0,0,0,0
802,1,0,1,0.511520737327189,1,0,1,0,0,-0.2041994426643519,1,0,0,0,0,0
803,1,0,1,0.4838709677419355,0,0,1,0,0,0.5982100261939011,1,0,0,0,0,0
804,0,1,1,0.4930875576036866,1,0,1,0,1,-0.08240514828408142,0,1,0,0,0,0
805,1,0,1,0.4746543778801843,1,0,1,0,0,-0.4979386232285338,1,0,0,0,0,0
806,1,0,1,0.12442396313364057,0,1,1,0,0,0.15401907021879668,1,0,0,0,0,0
807,0,0,1,0.10599078341013826,1,0,1,0,0,0.7844836528931382,1,0,0,0,0,0
808,1,1,1,0.6866359447004607,0,0,0,1,0,1.9128719684750564,1,0,0,0,0,0
809,1,0,1,0.6866359447004607,1,0,1,0,0,1.4185304206963116,1,0,0,0,0,0
810,1,1,1,0.3548387096774194,1,0,1,0,1,-0.6734656945412767,0,0,0,1,0,0
811,0,1,1,0.018433179723502304,0,1,1,0,0,1.196434942708759,1,0,0,0,0,1
812,1,0,0,0.004608294930875578,1,0,1,0,0,-1.4472176823688772,1,0,0,0,0,1
813,1,0,0,0.9447004608294931,0,1,1,0,0,-0.14330229547421666,1,0,0,0,0,0
814,0,1,0,0.009216589861751152,1,0,1,0,0,0.10386847841515569,1,0,0,0,0,1
815,1,1,1,0.8894009216589862,1,0,1,0,0,-1.7839430844790372,0,1,0,0,0,0
816,1,0,1,0.4930875576036866,1,0,0,0,0,-1.277552914022413,1,0,0,0,0,0
817,1,0,0,0.6866359447004607,1,0,1,0,0,1.934365079248046,1,0,0,0,0,0
818,1,1,0,0.0,0,0,0,1,0,0.6877646544146881,1,0,0,0,0,1
819,1,0,0,0.03225806451612903,1,0,0,0,0,-0.24002129395266725,1,0,0,0,0,1
820,0,0,0,0.009216589861751152,1,0,0,1,0,0.9743394647212067,1,0,0,0,0,1
821,1,1,1,0.018433179723502304,0,0,1,0,0,-0.8167530996945362,1,0,0,0,0,1
822,1,0,0,0.9447004608294931,1,0,0,1,0,1.6334615284262,1,0,0,0,0,0
823,1,0,0,0.2903225806451613,1,0,1,0,0,-0.04585903463621131,1,0,0,0,0,0
824,1,0,1,1.0,1,0,1,0,0,-1.2322865746389886,1,0,0,0,0,0
825,0,1,0,0.0,0,1,0,1,0,-1.1355675761605382,1,0,0,0,0,1
826,1,0,1,0.935483870967742,1,0,1,0,0,-1.1937298740190367,1,0,0,0,0,0
827,1,0,1,0.02304147465437788,1,0,1,0,0,0.007149479936705727,1,0,0,0,0,0
828,1,0,1,0.03225806451612903,1,0,1,0,0,0.09312192302866146,1,0,0,0,0,1
829,1,0,0,0.02304147465437788,0,1,0,1,0,-0.25435003446799287,1,0,0,0,0,1
830,1,0,0,0.7050691244239631,1,0,1,0,0,1.9486938197633716,1,0,0,0,0,0
831,1,0,1,0.6682027649769585,0,0,1,0,0,1.9522760048922023,1,0,0,0,0,0
832,0,0,1,0.004608294930875578,0,1,0,1,0,-0.20289737537296731,1,0,0,0,0,1
833,1,0,1,0.8525345622119817,1,0,0,1,0,-1.4185602013382257,1,0,0,0,0,0
834,1,0,1,0.3087557603686636,1,0,1,0,0,1.296736126316041,1,0,0,0,0,0
835,1,0,1,0.05069124423963133,1,0,1,0,0,0.6555249882552042,1,0,0,0,0,0
836,1,1,1,0.695852534562212,1,0,1,0,0,0.7200043205741715,0,0,1,0,0,0
837,1,0,0,0.4377880184331797,1,0,0,1,0,-0.3797265139770948,1,0,0,0,0,0
838,1,1,1,0.13364055299539174,0,0,1,0,0,-0.9457117643324695,1,0,0,0,0,0
839,0,0,1,0.0,0,1,0,1,0,-1.0245198371667619,1,0,0,0,0,1
840,1,1,1,0.42857142857142855,1,0,1,0,0,0.40118984410816905,0,1,0,0,0,0
842,0,1,1,0.05069124423963133,1,0,0,1,1,0.2041696620224377,1,0,0,0,0,0
843,0,1,0,0.02304147465437788,0,1,1,0,0,0.45850480616947287,1,0,0,0,0,1
844,0,0,0,0.391705069124424,0,0,1,0,0,-0.5480892150321748,1,0,0,0,0,0
845,0,1,0,0.02304147465437788,1,0,1,0,0,-0.3797265139770948,1,0,0,0,0,1
846,0,1,0,0.02764976958525346,0,1,1,0,0,1.4615166422422898,1,0,0,0,0,1
847,1,0,1,0.03225806451612903,0,1,1,0,0,1.4185304206963116,1,0,0,0,0,1
848,0,1,0,0.03225806451612903,1,0,0,1,0,1.207181498095254,1,0,0,0,0,1
849,1,0,1,0.22580645161290325,1,0,0,1,0,-0.490774252970871,1,0,0,0,0,0
850,1,0,1,0.5023041474654377,1,0,1,0,0,0.014313850194368547,0,0,0,0,1,0
851,1,0,1,0.06912442396313365,0,0,1,0,0,-1.0066089115226047,1,0,0,0,0,0
852,0,0,0,0.0,0,1,1,0,0,-1.1570606869335271,1,0,0,0,0,1
853,0,1,1,0.31797235023041476,1,0,1,0,0,-1.909319563988139,0,0,1,0,0,0
854,1,0,1,0.05990783410138249,0,0,1,0,0,-0.2328569236950038,1,0,0,0,0,0
855,0,0,0,0.03225806451612903,0,0,1,0,0,-0.03583674160927246,1,0,0,0,0,1
856,0,0,0,0.0,0,0,0,1,0,1.1856883873222643,1,0,0,0,0,1
857,1,0,0,0.7235023041474654,0,1,1,0,0,0.10745066354398773,1,0,0,0,0,0
858,1,0,1,0.9815668202764978,1,0,1,0,0,-1.4328889418535513,1,0,0,0,0,0
859,1,1,0,0.009216589861751152,1,0,1,0,0,-1.4615464228842032,1,0,0,0,0,1
860,1,0,1,0.06912442396313365,1,0,1,0,0,1.8483926361560896,1,0,0,0,0,0
861,0,1,1,0.03225806451612903,0,1,1,0,0,-0.6663013242836132,1,0,0,0,0,1
862,1,0,0,0.7695852534562212,0,1,1,0,0,-0.12180918470122756,1,0,0,0,0,0
863,1,0,0,0.751152073732719,1,0,1,0,0,0.02506040558086341,1,0,0,0,0,0
864,0,0,0,0.009216589861751152,0,0,0,1,0,1.4722631976287834,1,0,0,0,0,1
865,0,0,0,0.018433179723502304,1,0,0,1,0,-0.12897355495889037,1,0,0,0,0,1
866,1,0,0,0.7142857142857143,1,0,1,0,0,-0.3689799585906005,1,0,0,0,0,0
867,1,0,1,0.8894009216589862,1,0,1,0,0,-0.5611158882561159,1,0,0,0,0,0
868,1,0,1,0.1152073732718894,1,0,1,0,0,0.010731665065537138,1,0,0,0,0,0
869,0,1,0,0.013824884792626727,0,1,0,1,0,-0.04585903463621131,1,0,0,0,0,1
870,0,1,1,0.03225806451612903,0,0,1,0,0,0.9994147606230271,1,0,0,0,0,1
871,1,0,1,0.8525345622119817,1,0,1,0,0,0.960010724205881,1,0,0,0,0,0
872,0,0,1,0.8617511520737328,1,0,1,0,0,-0.22211036830850958,1,0,0,0,0,0
873,1,0,1,1.0,0,0,1,0,0,-1.4937860890436874,1,0,0,0,0,0
874,1,0,1,0.5760368663594471,1,0,1,0,0,0.43701169539648377,1,0,0,0,0,0
875,0,1,1,0.4746543778801843,1,0,0,0,0,1.060311907813163,1,0,0,0,0,0
876,1,0,0,0.8525345622119817,0,0,1,0,0,-1.8269293060250151,1,0,0,0,0,0
877,0,0,0,0.013824884792626727,0,1,1,0,0,-0.4334592909095672,1,0,0,0,0,1
878,0,1,1,0.7880184331797234,1,0,1,0,0,0.5838812856785748,1,0,0,0,0,0
879,1,0,0,0.0,0,1,0,1,0,-0.2865897006274762,1,0,0,0,0,1
880,1,0,1,0.19815668202764977,1,0,0,0,0,-0.6555547688971191,1,0,0,0,0,0
881,1,0,1,0.4930875576036866,1,0,0,0,0,0.06446444199800955,1,0,0,0,0,0
882,0,0,1,0.7603686635944701,1,0,1,0,0,-1.096163539743392,1,0,0,0,0,0
883,1,0,1,0.03225806451612903,0,0,0,0,0,1.8591391915425846,1,0,0,0,0,0
884,1,0,1,0.06912442396313365,1,0,1,0,0,0.36895017794868573,1,0,0,0,0,0
885,0,1,1,0.04147465437788018,1,0,1,0,0,0.569552545163249,1,0,0,0,0,0
886,1,0,1,0.4101382488479262,1,0,1,0,0,-0.15763103598954292,1,0,0,0,0,0
887,0,0,0,0.02304147465437788,1,0,0,0,0,-0.7701846930197267,1,0,0,0,0,1
888,1,1,1,0.6866359447004607,0,0,1,0,0,-0.8454105807251875,1,0,0,0,0,0
889,0,0,0,0.0,1,0,0,1,0,-0.45495240168255563,1,0,0,0,0,1
890,1,0,1,0.7235023041474654,1,0,1,0,0,1.3468867181196822,0,0,0,0,1,0
891,1,0,0,0.1152073732718894,1,0,1,0,0,1.0531475375554995,1,0,0,0,0,0
892,1,0,0,0.018433179723502304,0,1,1,0,0,-0.28300751549864417,1,0,0,0,0,1
893,0,0,1,0.018433179723502304,0,1,1,0,0,0.003567294807874318,1,0,0,0,0,1
894,1,0,1,0.22580645161290325,0,0,1,0,0,0.11461503380165056,1,0,0,0,0,0
895,0,0,0,0.02304147465437788,0,1,1,0,0,-0.9206364684306491,1,0,0,0,0,1
896,0,0,0,0.0,0,0,0,1,0,-0.34390466268878006,1,0,0,0,0,1
897,1,0,1,0.511520737327189,0,0,0,0,0,0.14685469996113387,1,0,0,0,0,0
898,1,0,0,0.013824884792626727,1,0,0,1,0,0.2041696620224377,1,0,0,0,0,1
899,0,0,1,0.013824884792626727,1,0,1,0,0,0.576716915420912,1,0,0,0,0,0
900,0,0,1,0.0,1,0,0,1,0,-1.2860193515714604,1,0,0,0,0,1
901,1,0,0,0.4746543778801843,0,1,0,1,0,0.6447784328687106,1,0,0,0,0,0
902,1,1,0,0.009216589861751152,1,0,1,0,1,0.2579024389549095,1,0,0,0,0,1
903,0,0,0,0.02304147465437788,0,1,1,0,0,0.9170245026599029,1,0,0,0,0,1
904,1,1,1,0.8433179723502304,0,1,0,1,0,-0.3653977734617685,1,0,0,0,0,0
905,0,1,1,0.02764976958525346,0,1,0,1,0,-1.3003480920867867,1,0,0,0,0,1
906,1,0,0,0.07834101382488479,1,0,1,0,0,-0.7057053607007601,1,0,0,0,0,0
907,0,1,0,0.02764976958525346,0,1,0,1,0,-1.7087171967735757,1,0,0,0,0,1
908,1,0,1,0.8894009216589862,1,0,0,1,0,-1.0782526140992343,1,0,0,0,0,0
909,1,0,1,0.4009216589861751,0,1,1,0,0,-1.0889991694857284,1,0,0,0,0,0
910,1,0,0,0.12442396313364057,1,0,0,1,0,1.3970373099233218,0,0,0,0,1,0
911,1,0,1,0.7695852534562212,0,0,1,0,0,-0.5731645109339953,1,0,0,0,0,0
912,1,0,1,0.42857142857142855,0,0,1,0,0,-0.8489927658540196,0,0,0,0,1,0
913,0,1,0,0.009216589861751152,1,0,1,0,0,-1.7839430844790372,1,0,0,0,0,1
914,0,1,0,0.02764976958525346,1,0,1,0,0,-1.9415592301476228,1,0,0,0,0,1
915,1,0,0,0.013824884792626727,0,1,0,1,0,-1.4364711269823836,1,0,0,0,0,1
916,1,0,0,0.009216589861751152,1,0,0,1,0,0.4441760656541466,1,0,0,0,0,1
917,0,0,0,0.631336405529954,1,0,1,0,0,-0.6985409904430966,1,0,0,0,0,0
918,0,0,1,0.9907834101382489,1,0,1,0,0,-1.203629093608336,1,0,0,0,0,0
919,1,0,1,0.7880184331797234,1,0,1,0,0,-0.7092875458295914,1,0,0,0,0,0
920,1,0,0,0.0,1,0,1,0,0,1.1677774616781078,1,0,0,0,0,1
921,1,1,1,0.9539170506912442,1,0,0,1,0,-0.637643843252962,1,0,0,0,0,0
922,1,0,0,0.02764976958525346,0,1,1,0,0,0.6734359138993619,1,0,0,0,0,1
923,1,0,1,0.4746543778801843,1,0,1,0,0,0.4871622872001248,1,0,0,0,0,0
924,0,0,0,0.02304147465437788,0,0,1,0,0,-1.4149780162093937,1,0,0,0,0,1
925,0,0,0,0.03225806451612903,0,1,1,0,0,0.6877646544146881,1,0,0,0,0,1
926,1,0,1,0.13364055299539174,1,0,1,0,0,0.530148508746103,1,0,0,0,0,0
927,1,0,0,0.04147465437788018,0,1,0,1,0,1.7767489335794602,1,0,0,0,0,0
928,1,0,1,0.7142857142857143,1,0,0,0,0,1.5116672340459296,1,0,0,0,0,0
929,0,0,0,0.018433179723502304,0,1,0,1,0,-0.6125685473511415,1,0,0,0,0,1
930,0,1,1,0.4930875576036866,1,0,1,0,0,1.10329812935914,1,0,0,0,0,0
931,1,0,0,0.9723502304147464,0,1,1,0,0,-1.0925813546145606,1,0,0,0,0,0
932,1,0,1,0.695852534562212,0,0,0,1,0,0.18625873637828003,1,0,0,0,0,0
933,0,1,0,0.02764976958525346,0,0,1,0,0,0.3295461415315396,0,0,0,0,1,1
934,0,1,0,0.0,0,1,1,0,0,-0.2077816277931833,0,0,0,1,0,1
935,1,0,1,0.391705069124424,0,0,0,1,0,0.39402547385050624,1,0,0,0,0,0
936,1,1,1,0.6129032258064516,1,0,0,0,1,1.6728655648433461,0,1,0,0,0,0
937,1,0,1,0.24423963133640553,1,0,1,0,0,-0.31882936678695956,1,0,0,0,0,0
938,1,0,0,0.8894009216589862,1,0,1,0,0,-0.17554196163369998,1,0,0,0,0,0
939,1,0,0,0.19815668202764977,1,0,1,0,0,0.47283354668479916,1,0,0,0,0,0
940,0,0,0,0.018433179723502304,0,1,0,1,0,1.0316544267825105,1,0,0,0,0,1
941,1,0,1,0.2534562211981567,1,0,1,0,0,-0.6985409904430966,1,0,0,0,0,0
942,1,0,1,0.9539170506912442,0,0,1,0,0,0.44775825078297865,1,0,0,0,0,0
943,1,0,1,0.20737327188940094,1,0,1,0,0,0.7809014677643067,1,0,0,0,0,0
944,0,0,0,0.02764976958525346,1,0,0,0,0,0.19700529176477488,1,0,0,0,0,1
945,1,1,0,0.013824884792626727,0,1,0,1,1,-0.6483903986394562,0,0,0,0,1,1
946,0,0,0,0.004608294930875578,0,0,1,0,0,1.1785240170646014,1,0,0,0,0,1
947,0,0,1,0.0,1,0,0,0,0,-1.497368274172518,1,0,0,0,0,1
948,1,0,0,0.013824884792626727,0,1,1,0,0,-0.7880956186638837,1,0,0,0,0,1
949,1,0,0,0.02304147465437788,0,1,0,1,0,0.12536158918814477,1,0,0,0,0,1
950,0,1,0,0.02764976958525346,0,1,1,0,0,2.038248447984159,1,0,0,0,0,1
951,0,0,0,0.013824884792626727,1,0,0,0,0,0.39760765897933764,1,0,0,0,0,1
952,1,0,1,0.2903225806451613,1,0,1,0,0,-0.8669036914981773,1,0,0,0,0,0
953,0,0,1,0.2903225806451613,1,0,1,0,0,0.9994147606230271,1,0,0,0,0,0
954,1,0,0,0.013824884792626727,0,1,0,1,0,-0.8669036914981773,1,0,0,0,0,1
955,0,0,0,0.02764976958525346,0,1,0,1,0,1.3970373099233218,1,0,0,0,0,1
956,1,0,0,0.004608294930875578,0,1,0,1,0,-0.8060065443080414,1,0,0,0,0,1
957,1,0,1,0.7050691244239631,1,0,1,0,0,-0.053747667253429506,1,0,0,0,0,0
958,0,0,0,0.013824884792626727,0,1,1,0,0,0.11103284867281851,0,0,0,0,1,1
959,1,0,1,0.05990783410138249,0,0,1,0,0,0.5444772492614286,1,0,0,0,0,0
960,0,0,0,0.03225806451612903,1,0,0,0,0,-1.7373746778042283,1,0,0,0,0,1
961,1,1,1,0.02304147465437788,1,0,0,1,1,1.229976676159627,1,0,0,0,0,1
963,1,0,0,0.03225806451612903,0,1,1,0,0,1.1534487211627809,1,0,0,0,0,1
964,1,0,1,0.9631336405529953,1,0,1,0,0,-1.594087272650968,1,0,0,0,0,0
965,1,0,0,0.815668202764977,0,0,0,0,0,-0.9421295792036382,1,0,0,0,0,0
966,1,0,1,0.05069124423963133,1,0,0,1,0,0.007149479936705727,1,0,0,0,0,0
967,0,0,0,0.004608294930875578,1,0,0,0,0,0.2077518471512685,1,0,0,0,0,1
968,0,0,1,0.7142857142857143,1,0,1,0,0,0.5623881749055862,1,0,0,0,0,0
969,0,0,0,0.009216589861751152,1,0,0,0,0,-1.3094071084404268,1,0,0,0,0,1
970,1,1,0,0.03225806451612903,0,0,1,0,0,-1.0281020222955939,1,0,0,0,0,1
971,0,0,0,0.03225806451612903,1,0,1,0,0,-0.9743692453631214,1,0,0,0,0,1
972,1,0,1,0.8709677419354839,1,0,1,0,0,-0.6304794729952992,1,0,0,0,0,0
973,0,1,0,0.0,0,1,1,0,0,-0.025090186222777595,1,0,0,0,0,1
974,1,0,1,0.19815668202764977,1,0,1,0,0,0.5910456559362381,1,0,0,0,0,0
975,1,0,1,0.815668202764977,0,1,0,1,0,0.29372429024322483,1,0,0,0,0,0
976,1,0,1,0.16129032258064516,1,0,1,0,0,-0.25076784933916085,1,0,0,0,0,0
978,1,0,1,0.5760368663594471,1,0,1,0,0,1.4650988273711205,1,0,0,0,0,0
979,0,0,0,0.7142857142857143,1,0,1,0,0,-1.192882538221842,1,0,0,0,0,0
980,1,0,0,0.03225806451612903,1,0,1,0,0,-0.8095887294368734,1,0,0,0,0,0
981,0,0,1,0.02764976958525346,0,1,0,1,0,-1.0101910966514362,1,0,0,0,0,1
982,1,0,0,0.03225806451612903,0,0,1,0,0,0.530148508746103,1,0,0,0,0,0
983,1,0,1,0.10599078341013826,1,0,0,0,0,1.1391199806474552,1,0,0,0,0,0
984,1,0,1,0.5023041474654377,1,0,1,0,0,0.8167233190526214,1,0,0,0,0,0
985,0,1,1,0.41935483870967744,1,0,0,1,0,0.014313850194368547,1,0,0,0,0,0
986,1,0,0,0.631336405529954,1,0,1,0,0,0.38686110359284276,1,0,0,0,0,0
987,1,0,0,0.4377880184331797,1,0,0,0,0,-0.043001111866935275,1,0,0,0,0,0
988,1,0,0,0.14285714285714288,1,0,0,0,0,-0.949293949461301,1,0,0,0,0,0
989,1,0,1,0.7788018433179723,1,0,1,0,0,1.7051052310028307,1,0,0,0,0,0
990,1,0,1,0.41935483870967744,0,0,1,0,0,1.6406258986838629,1,0,0,0,0,0
991,1,0,1,0.17050691244239632,0,0,0,1,0,-0.6555547688971191,1,0,0,0,0,0
992,0,0,0,0.004608294930875578,1,0,0,0,0,0.8310520595679477,1,0,0,0,0,1
993,0,0,0,0.018433179723502304,0,1,0,1,0,-1.16422505719119,1,0,0,0,0,1
994,0,0,0,0.018433179723502304,1,0,0,0,0,0.23640932818192104,1,0,0,0,0,1
995,0,0,0,0.02764976958525346,0,1,1,0,0,0.333128326660371,1,0,0,0,0,1
996,1,0,1,0.4930875576036866,1,0,0,1,0,0.8310520595679477,1,0,0,0,0,0
997,1,0,0,0.9447004608294931,1,0,0,1,0,-1.3290055731174386,1,0,0,0,0,0
998,0,1,0,0.0,1,0,1,0,0,0.06446444199800955,1,0,0,0,0,1
999,1,0,1,0.2995391705069125,0,1,0,1,0,0.09670410815749288,1,0,0,0,0,0
1000,0,0,0,0.02764976958525346,0,0,1,0,0,2.2746726664870356,1,0,0,0,0,1
1001,0,0,1,0.018433179723502304,0,0,1,0,1,-0.16479540624720573,1,0,0,0,0,1
1002,1,0,1,0.7972350230414748,1,0,0,0,0,1.3827085694079961,1,0,0,0,0,0
1003,0,0,0,0.02764976958525346,0,1,0,1,0,-0.2185281831796775,1,0,0,0,0,1
1004,1,0,1,0.5944700460829493,1,0,1,0,0,0.9062779472734086,1,0,0,0,0,0
1005,1,0,1,0.2995391705069125,1,0,0,0,0,0.931353243175229,1,0,0,0,0,0
1006,0,1,1,0.018433179723502304,1,0,1,0,0,-0.5445070299033428,1,0,0,0,0,1
1007,1,0,1,0.02304147465437788,1,0,1,0,0,-1.7051350116447448,1,0,0,0,0,0
1008,0,0,0,0.013824884792626727,1,0,0,0,0,-1.020937652037931,0,0,0,0,1,1
1009,1,0,1,0.14285714285714288,0,0,1,0,0,0.44775825078297865,1,0,0,0,0,0
1010,1,0,1,0.02304147465437788,1,0,1,0,0,1.5976396771378847,1,0,0,0,0,0
1011,1,0,0,0.42857142857142855,1,0,1,0,0,-0.5929700826741297,1,0,0,0,0,0
1012,1,0,0,0.0,0,1,0,1,0,-0.6197329176088043,1,0,0,0,0,1
1013,0,1,1,0.5299539170506913,1,0,1,0,0,-0.9193344011392645,1,0,0,0,0,0
1014,1,0,0,0.695852534562212,1,0,0,1,0,-1.5475188659761592,1,0,0,0,0,0
1015,1,0,1,0.22580645161290325,1,0,1,0,0,-1.5475188659761592,1,0,0,0,0,0
1016,1,0,1,0.05990783410138249,1,0,1,0,0,-0.6412260283817934,1,0,0,0,0,0
1017,1,0,0,0.10599078341013826,1,0,0,1,0,2.403631331124969,1,0,0,0,0,0
1018,1,0,0,0.24423963133640553,0,0,1,0,0,-1.6621487900987668,1,0,0,0,0,0
1019,0,0,1,0.19815668202764977,1,0,1,0,0,1.4758453827576155,1,0,0,0,0,0
1020,1,1,0,0.2534562211981567,1,0,1,0,0,-2.0311138583684096,1,0,0,0,0,0
1021,0,0,0,0.0,0,1,1,0,0,-0.7379450268602433,1,0,0,0,0,1
1022,1,1,0,0.0,0,1,0,1,0,0.2292449579242582,1,0,0,0,0,1
1023,1,0,1,0.9907834101382489,0,0,1,0,0,0.3582036225621915,1,0,0,0,0,0
1024,1,0,0,0.03225806451612903,0,1,1,0,0,-1.5224435700743386,1,0,0,0,0,1
1025,1,0,1,0.03225806451612903,1,0,1,0,0,0.05013570148268391,0,0,0,1,0,0
1026,1,0,1,0.013824884792626727,0,1,1,0,0,1.0029969457518593,1,0,0,0,0,1
1027,1,0,1,0.13364055299539174,1,0,1,0,0,0.9564285390770496,1,0,0,0,0,0
1028,1,0,1,0.1152073732718894,0,1,1,0,0,0.333128326660371,1,0,0,0,0,0
1029,1,1,1,0.3548387096774194,0,0,1,0,0,-0.03583674160927246,1,0,0,0,0,0
1030,0,1,1,0.02764976958525346,0,1,0,1,0,-1.6872240860005872,1,0,0,0,0,1
1031,1,0,1,0.4101382488479262,1,0,0,1,0,-0.128973554958891,1,0,0,0,0,0
1032,1,0,1,0.6036866359447005,1,0,1,0,0,-0.45495240168255563,1,0,0,0,0,0
1033,0,1,1,0.9539170506912442,1,0,1,0,0,-0.12539136983005897,1,0,0,0,0,0
1034,1,1,1,0.23502304147465441,1,0,1,0,1,-1.855586787055667,0,1,0,0,0,0
1035,1,0,1,0.013824884792626727,1,0,1,0,0,0.9349354283040605,1,0,0,0,0,0
1036,0,0,0,0.02304147465437788,0,1,1,0,0,1.622714973039705,1,0,0,0,0,1
1037,0,0,0,0.9723502304147464,1,0,1,0,0,1.339722347862018,1,0,0,0,0,0
1038,1,0,1,0.38248847926267276,0,1,1,0,0,0.45850480616947287,1,0,0,0,0,0
1039,0,1,0,0.02764976958525346,1,0,1,0,0,-0.784513433535053,1,0,0,0,0,1
1040,0,0,0,0.03225806451612903,1,0,0,0,0,-0.637643843252962,1,0,0,0,0,1
1041,1,1,1,0.004608294930875578,1,0,0,1,1,0.90986013240224,1,0,0,0,0,1
1042,0,0,0,0.02304147465437788,0,0,1,0,0,-1.06750605871274,1,0,0,0,0,1
1043,1,0,1,0.9631336405529953,1,0,1,0,0,-0.8919789873999971,1,0,0,0,0,0
1044,1,0,1,0.07834101382488479,0,0,1,0,0,-0.12180918470122756,1,0,0,0,0,0
1045,0,1,0,0.018433179723502304,1,0,1,0,0,1.0638940929419938,1,0,0,0,0,1
1046,1,0,1,0.5299539170506913,0,1,0,1,0,0.03580696096735764,1,0,0,0,0,0
1047,1,1,1,0.5207373271889401,1,0,1,0,0,1.3719620140215014,0,0,0,0,1,0
1048,0,0,0,0.013824884792626727,0,1,0,1,0,0.16834781073412233,1,0,0,0,0,1
1049,0,0,1,0.10599078341013826,1,0,1,0,0,1.4292769760828052,1,0,0,0,0,0
1050,1,0,0,0.013824884792626727,1,0,1,0,0,-1.1355675761605386,1,0,0,0,0,0
1051,1,0,0,0.7972350230414748,1,0,0,1,0,-0.8848146171423343,1,0,0,0,0,0
1052,1,0,0,0.751152073732719,1,0,1,0,0,0.07879318251333518,1,0,0,0,0,0
1053,1,0,1,0.5023041474654377,1,0,0,1,0,0.3653679928198543,1,0,0,0,0,0
1054,1,1,1,0.2903225806451613,1,0,1,0,0,0.5337306938749338,1,0,0,0,0,0
1055,0,1,0,0.03225806451612903,0,0,1,0,0,-1.4507998674977092,1,0,0,0,0,1
1056,0,0,1,0.0,0,0,1,0,0,-0.34390466268878006,1,0,0,0,0,1
1057,1,0,1,0.5760368663594471,0,1,0,1,0,-0.7271984714737492,1,0,0,0,0,0
1058,0,1,0,0.004608294930875578,0,0,1,0,0,0.5802991005497433,1,0,0,0,0,1
1059,0,1,1,0.009216589861751152,0,1,0,1,0,-0.5946576217069838,1,0,0,0,0,1
1060,1,0,0,0.26267281105990786,0,0,1,0,0,1.8376460807695947,1,0,0,0,0,0
1061,1,1,0,0.004608294930875578,0,1,0,1,0,0.8919492067580823,1,0,0,0,0,1
1062,0,0,0,0.009216589861751152,0,1,1,0,0,0.40477202923700045,1,0,0,0,0,1
1063,1,0,1,0.4101382488479262,1,0,0,0,0,-0.5480892150321748,1,0,0,0,0,0
1064,0,1,0,0.02764976958525346,0,1,0,1,0,-0.2041994426643519,1,0,0,0,0,1
1065,1,0,1,0.7603686635944701,0,0,1,0,0,-0.15404885086071088,1,0,0,0,0,0
1066,0,1,0,0.013824884792626727,0,0,1,0,0,0.08595755277099801,1,0,0,0,0,1
1067,1,0,1,0.13364055299539174,1,0,1,0,0,1.0280722416536792,0,0,0,0,1,0
1068,0,1,1,0.6682027649769585,1,0,1,0,0,-1.2573618705408092,0,0,1,0,0,0
1069,1,0,1,0.8709677419354839,0,0,1,0,0,-2.4251542225398732,1,0,0,0,0,0
1070,1,0,1,0.4009216589861751,0,0,1,0,0,-1.1284032059028752,1,0,0,0,0,0
1071,1,0,1,0.751152073732719,0,1,1,0,0,-1.114074465387549,1,0,0,0,0,0
1072,1,1,0,0.02764976958525346,1,0,1,0,1,1.1856883873222643,1,0,0,0,0,1
1073,1,0,1,0.19815668202764977,0,0,0,0,0,1.2752430155430514,1,0,0,0,0,0
1074,1,1,0,0.03225806451612903,0,0,1,0,1,1.6298793432973693,1,0,0,0,0,1
1075,1,0,1,0.8709677419354839,1,0,1,0,0,0.4692513615559671,1,0,0,0,0,0
1076,1,1,0,0.004608294930875578,0,1,0,1,1,-1.06750605871274,1,0,0,0,0,1
1077,0,0,0,0.38248847926267276,1,0,1,0,0,-1.7624499737060486,1,0,0,0,0,0
1078,1,0,1,0.5668202764976958,0,0,1,0,0,-0.823917469952199,1,0,0,0,0,0
1079,0,0,0,0.0,1,0,1,0,0,0.2973064753720556,1,0,0,0,0,1
1080,0,0,0,0.004608294930875578,1,0,0,0,0,-0.1862885170201942,1,0,0,0,0,1
1081,1,1,1,0.02764976958525346,1,0,1,0,0,-0.26151440472565574,1,0,0,0,0,1
1082,1,0,0,0.02764976958525346,0,1,0,1,0,0.24357369843958385,1,0,0,0,0,1
1083,0,1,0,0.02304147465437788,0,0,1,0,1,-0.5086851786150287,1,0,0,0,0,1
1084,1,0,1,0.07834101382488479,0,0,1,0,0,-0.29733625601397046,1,0,0,0,0,0
1085,1,0,1,0.7695852534562212,0,1,0,1,0,0.06088225686917814,1,0,0,0,0,0
1086,0,0,0,0.009216589861751152,1,0,0,0,0,-0.11106262931473333,1,0,0,0,0,1
1087,1,0,1,0.6682027649769585,0,0,1,0,0,-0.7486915822467376,1,0,0,0,0,0
1088,0,0,0,0.009216589861751152,0,1,0,1,0,-1.4651286080130348,1,0,0,0,0,1
1089,1,0,1,0.33640552995391704,1,0,1,0,0,0.569552545163249,1,0,0,0,0,0
1090,1,0,1,0.7142857142857143,1,0,1,0,0,-0.8991433576576606,1,0,0,0,0,0
1091,1,0,0,0.935483870967742,1,0,1,0,0,-1.812600565509689,1,0,0,0,0,0
1092,1,0,0,0.3456221198156682,0,0,1,0,0,-1.4185602013382257,1,0,0,0,0,0
1093,0,0,0,0.013824884792626727,0,0,1,0,0,-1.221540019252494,1,0,0,0,0,1
1094,0,1,1,0.4838709677419355,1,0,1,0,0,-1.5296079403320013,0,1,0,0,0,0
1095,1,0,0,0.7880184331797234,0,1,1,0,0,0.6089565815803952,1,0,0,0,0,0
1096,0,0,0,0.009216589861751152,1,0,0,0,0,0.7665727272489804,1,0,0,0,0,1
